image,image_id,category_id,class_name,bbox,area_group
000000000139.jpg,139,64,potted plant,"[236.98, 142.51, 261.68, 212.01]",small
000000000139.jpg,139,72,tv,"[7.03, 167.76, 156.35, 262.63]",large
000000000139.jpg,139,72,tv,"[557.21, 209.19, 638.5600000000001, 287.92]",medium
000000000139.jpg,139,62,chair,"[358.98, 218.05, 414.98, 320.88]",medium
000000000139.jpg,139,62,chair,"[290.69, 218.0, 352.52, 316.48]",medium
000000000139.jpg,139,62,chair,"[413.2, 223.01, 443.37, 304.37]",medium
000000000139.jpg,139,62,chair,"[317.4, 219.24, 338.97999999999996, 230.83]",small
000000000139.jpg,139,1,person,"[412.8, 157.61, 465.85, 295.62]",medium
000000000139.jpg,139,1,person,"[384.43, 172.21, 399.55, 207.95000000000002]",small
000000000139.jpg,139,78,microwave,"[512.22, 205.75, 526.96, 221.72]",small
000000000139.jpg,139,82,refrigerator,"[493.1, 174.34, 513.39, 282.65]",medium
000000000139.jpg,139,84,book,"[604.77, 305.89, 619.11, 351.59999999999997]",small
000000000139.jpg,139,84,book,"[613.24, 308.24, 626.12, 354.68]",small
000000000139.jpg,139,85,clock,"[447.77, 121.12, 461.74, 143.0]",small
000000000139.jpg,139,86,vase,"[549.06, 309.43, 585.7399999999999, 399.1]",medium
000000000139.jpg,139,86,vase,"[350.76, 208.84, 362.13, 231.39000000000001]",small
000000000139.jpg,139,62,chair,"[412.25, 219.02, 421.88, 231.54000000000002]",small
000000000139.jpg,139,86,vase,"[241.24, 194.99, 255.46, 212.62]",small
000000000139.jpg,139,86,vase,"[336.79, 199.5, 346.52000000000004, 216.23]",small
000000000139.jpg,139,67,dining table,"[321.21, 231.22, 446.77, 320.15]",medium
000000000285.jpg,285,23,bear,"[1.43, 68.81, 584.0, 632.75]",large
000000000632.jpg,632,65,bed,"[3.27, 266.85, 404.5, 475.1]",large
000000000632.jpg,632,64,potted plant,"[183.36, 136.56, 244.14000000000001, 228.95]",medium
000000000632.jpg,632,84,book,"[455.98, 192.5, 464.55, 228.09]",small
000000000632.jpg,632,84,book,"[453.31, 252.97, 461.33, 286.9]",small
000000000632.jpg,632,84,book,"[444.76, 297.63, 450.08, 337.31]",small
000000000632.jpg,632,84,book,"[505.95, 191.02, 518.1, 227.8]",small
000000000632.jpg,632,84,book,"[487.51, 199.33, 494.99, 227.38000000000002]",small
000000000632.jpg,632,62,chair,"[244.82, 230.45, 349.53999999999996, 318.14]",medium
000000000632.jpg,632,64,potted plant,"[347.35, 212.37, 429.86, 355.37]",medium
000000000632.jpg,632,84,book,"[460.91, 191.67, 490.24, 227.70999999999998]",small
000000000632.jpg,632,84,book,"[527.02, 248.57, 551.42, 289.0]",small
000000000632.jpg,632,84,book,"[519.39, 193.43, 523.47, 227.62]",small
000000000632.jpg,632,84,book,"[497.39, 55.43, 501.46999999999997, 82.78999999999999]",small
000000000632.jpg,632,84,book,"[524.32, 97.38, 527.12, 135.15]",small
000000000632.jpg,632,84,book,"[493.36, 155.72, 525.95, 162.08]",small
000000000632.jpg,632,84,book,"[454.66, 245.27, 503.21000000000004, 257.41]",small
000000000632.jpg,632,84,book,"[461.77, 253.68, 470.01, 286.99]",small
000000000724.jpg,724,13,stop sign,"[120.07, 71.83, 254.56, 224.91000000000003]",large
000000000724.jpg,724,8,truck,"[123.39, 279.44, 145.13, 309.61]",small
000000000724.jpg,724,3,car,"[128.26, 267.21, 141.14, 275.35999999999996]",small
000000000724.jpg,724,13,stop sign,"[202.38, 259.9, 221.39, 285.96]",small
000000000776.jpg,776,88,teddy bear,"[1.44, 56.22, 345.95, 527.57]",large
000000000776.jpg,776,88,teddy bear,"[2.88, 278.2, 320.0, 632.79]",large
000000000776.jpg,776,88,teddy bear,"[94.92, 5.75, 427.15000000000003, 550.83]",large
000000000776.jpg,776,65,bed,"[1.43, 0.14, 428.0, 640.0]",large
000000000785.jpg,785,1,person,"[280.79, 44.73, 499.49, 391.41]",large
000000000785.jpg,785,35,skis,"[205.34, 362.21, 615.0600000000001, 400.40999999999997]",medium
000000000802.jpg,802,82,refrigerator,"[245.05, 185.23, 410.81, 541.26]",large
000000000802.jpg,802,79,oven,"[33.08, 289.08, 159.64, 520.63]",large
000000000872.jpg,872,37,sports ball,"[408.03, 172.04, 427.40999999999997, 188.57]",small
000000000872.jpg,872,1,person,"[145.26, 100.67, 437.21, 558.02]",large
000000000872.jpg,872,1,person,"[163.73, 126.42, 429.41999999999996, 606.8199999999999]",large
000000000872.jpg,872,40,baseball glove,"[368.64, 157.25, 426.09, 203.03]",medium
000000000885.jpg,885,1,person,"[277.31, 189.99, 417.4, 398.21000000000004]",large
000000000885.jpg,885,1,person,"[281.02, 89.81, 392.84999999999997, 259.36]",medium
000000000885.jpg,885,1,person,"[595.68, 25.78, 639.05, 253.26]",medium
000000000885.jpg,885,1,person,"[434.7, 0.33, 467.49, 13.0]",small
000000000885.jpg,885,1,person,"[287.39, 0.19, 332.03999999999996, 11.65]",small
000000000885.jpg,885,43,tennis racket,"[400.04, 268.61, 481.38, 308.83000000000004]",medium
000000000885.jpg,885,1,person,"[541.88, 1.73, 607.72, 11.85]",small
000000000885.jpg,885,1,person,"[1.11, 0.56, 60.05, 9.450000000000001]",small
000000000885.jpg,885,1,person,"[499.47, 0.76, 574.64, 14.14]",small
000000001000.jpg,1000,43,tennis racket,"[47.07, 303.19, 94.5, 390.51]",medium
000000001000.jpg,1000,31,handbag,"[20.54, 226.71, 73.83, 348.24]",medium
000000001000.jpg,1000,31,handbag,"[196.91, 224.35, 267.17, 341.9]",medium
000000001000.jpg,1000,1,person,"[115.16, 152.13, 198.39, 380.53999999999996]",medium
000000001000.jpg,1000,1,person,"[405.93, 120.42, 443.06, 165.94]",medium
000000001000.jpg,1000,1,person,"[265.33, 95.86, 354.25, 411.74]",large
000000001000.jpg,1000,1,person,"[209.23, 174.64, 308.86, 423.72]",large
000000001000.jpg,1000,1,person,"[504.67, 191.95, 640.0, 480.0]",large
000000001000.jpg,1000,1,person,"[410.2, 208.53, 525.1, 480.0]",large
000000001000.jpg,1000,1,person,"[380.85, 159.91, 469.29, 479.15999999999997]",large
000000001000.jpg,1000,1,person,"[330.07, 154.25, 413.12, 468.13]",large
000000001000.jpg,1000,1,person,"[410.75, 107.03, 498.84000000000003, 228.19]",medium
000000001000.jpg,1000,1,person,"[183.4, 121.34, 279.17, 394.09000000000003]",medium
000000001000.jpg,1000,27,backpack,"[209.49, 163.88, 271.91, 221.92]",small
000000001000.jpg,1000,27,backpack,"[42.72, 223.89, 98.44999999999999, 274.87]",small
000000001000.jpg,1000,1,person,"[52.14, 185.12, 111.4, 397.65]",medium
000000001000.jpg,1000,1,person,"[349.49, 118.71, 402.13, 159.84]",medium
000000001268.jpg,1268,16,bird,"[192.81, 224.8, 267.54, 258.23]",medium
000000001268.jpg,1268,9,boat,"[124.77, 124.71, 264.31, 141.78]",medium
000000001268.jpg,1268,9,boat,"[0.0, 129.71, 105.44, 144.85000000000002]",medium
000000001268.jpg,1268,1,person,"[23.27, 213.41, 76.8, 282.88]",medium
000000001268.jpg,1268,1,person,"[501.68, 77.66, 640.0, 421.37]",large
000000001268.jpg,1268,1,person,"[402.34, 205.02, 467.59999999999997, 293.47]",medium
000000001268.jpg,1268,1,person,"[0.0, 209.18, 24.95, 289.78]",medium
000000001268.jpg,1268,77,cell phone,"[528.91, 180.52, 558.5899999999999, 199.27]",small
000000001268.jpg,1268,27,backpack,"[21.81, 231.3, 44.36, 282.85]",small
000000001268.jpg,1268,31,handbag,"[492.47, 197.95, 595.54, 424.0]",large
000000001268.jpg,1268,9,boat,"[291.52, 86.03, 413.19, 143.48000000000002]",medium
000000001296.jpg,1296,77,cell phone,"[299.46, 143.38, 371.17999999999995, 278.68]",medium
000000001296.jpg,1296,85,clock,"[371.53, 408.26, 389.05999999999995, 424.87]",small
000000001296.jpg,1296,1,person,"[7.16, 1.57, 424.0, 635.84]",large
000000001296.jpg,1296,1,person,"[262.64, 25.32, 409.6, 238.65]",large
000000001353.jpg,1353,7,train,"[66.29, 323.6, 256.18, 462.92]",large
000000001353.jpg,1353,1,person,"[214.61, 154.48, 281.12, 283.59000000000003]",medium
000000001353.jpg,1353,1,person,"[148.91, 136.52, 224.41, 189.11]",medium
000000001353.jpg,1353,1,person,"[138.58, 198.11, 266.63, 382.65]",large
000000001353.jpg,1353,1,person,"[62.11, 213.83, 178.8, 356.71000000000004]",large
000000001353.jpg,1353,1,person,"[133.97, 180.55, 210.03, 253.26]",medium
000000001353.jpg,1353,1,person,"[188.63, 182.78, 220.64, 245.51]",small
000000001425.jpg,1425,54,sandwich,"[64.29, 184.96, 440.83000000000004, 403.08000000000004]",large
000000001425.jpg,1425,51,bowl,"[486.74, 182.53, 640.0, 383.43]",large
000000001490.jpg,1490,1,person,"[448.87, 118.36, 499.77, 241.19]",medium
000000001490.jpg,1490,42,surfboard,"[359.22, 230.29, 578.11, 245.32]",medium
000000001503.jpg,1503,73,laptop,"[0.54, 99.78, 126.2, 235.69]",large
000000001503.jpg,1503,74,mouse,"[120.96, 177.97, 158.73, 200.03]",small
000000001503.jpg,1503,76,keyboard,"[161.13, 152.44, 315.44, 197.96]",medium
000000001503.jpg,1503,72,tv,"[125.66, 11.46, 237.3, 100.99000000000001]",medium
000000001503.jpg,1503,74,mouse,"[305.55, 154.39, 319.95, 164.04999999999998]",small
000000001532.jpg,1532,3,car,"[1.08, 369.65, 119.73, 472.12]",large
000000001532.jpg,1532,3,car,"[501.5, 397.49, 551.34, 443.0]",medium
000000001532.jpg,1532,3,car,"[200.58, 401.5, 233.23000000000002, 427.72]",small
000000001532.jpg,1532,3,car,"[106.19, 375.71, 185.28, 435.29999999999995]",medium
000000001532.jpg,1532,8,truck,"[225.57, 391.21, 245.2, 406.84999999999997]",small
000000001532.jpg,1532,3,car,"[426.34, 399.69, 490.60999999999996, 454.53]",medium
000000001532.jpg,1532,3,car,"[405.73, 402.0, 431.19, 429.82]",small
000000001532.jpg,1532,3,car,"[225.05, 361.7, 420.44, 480.0]",large
000000001584.jpg,1584,6,bus,"[126.24, 90.57, 524.18, 535.16]",large
000000001584.jpg,1584,1,person,"[190.33, 304.78, 249.71, 370.48999999999995]",medium
000000001584.jpg,1584,1,person,"[435.63, 338.17, 451.85, 363.0]",small
000000001584.jpg,1584,1,person,"[298.91, 334.71, 333.77000000000004, 368.16999999999996]",small
000000001584.jpg,1584,1,person,"[174.41, 170.29, 203.76, 193.23999999999998]",small
000000001584.jpg,1584,1,person,"[297.18, 160.75, 322.51, 181.62]",small
000000001584.jpg,1584,1,person,"[121.36, 389.73, 128.33, 410.90000000000003]",small
000000001584.jpg,1584,6,bus,"[568.24, 316.92, 612.0, 404.99]",medium
000000001584.jpg,1584,1,person,"[91.2, 388.59, 104.44, 423.09999999999997]",small
000000001584.jpg,1584,1,person,"[212.3, 168.78, 230.76000000000002, 189.32]",small
000000001584.jpg,1584,1,person,"[78.08, 377.61, 97.21, 430.32]",small
000000001584.jpg,1584,1,person,"[101.88, 397.58, 115.11999999999999, 429.84]",small
000000001584.jpg,1584,1,person,"[113.58, 391.79, 126.58, 430.42]",small
000000001584.jpg,1584,6,bus,"[502.95, 315.95, 566.1, 385.66999999999996]",medium
000000001675.jpg,1675,17,cat,"[0.0, 14.01, 640.0, 307.57]",large
000000001675.jpg,1675,76,keyboard,"[61.48, 367.82, 569.53, 473.53]",large
000000001761.jpg,1761,5,airplane,"[282.23, 139.38, 333.45000000000005, 183.16]",small
000000001761.jpg,1761,5,airplane,"[150.17, 8.63, 224.26, 85.82]",medium
000000001761.jpg,1761,1,person,"[11.61, 615.96, 16.45, 627.51]",small
000000001761.jpg,1761,1,person,"[4.28, 616.35, 11.5, 626.14]",small
000000001761.jpg,1761,1,person,"[15.58, 614.97, 21.810000000000002, 627.82]",small
000000001761.jpg,1761,1,person,"[36.24, 625.74, 41.04, 632.98]",small
000000001761.jpg,1761,1,person,"[21.28, 617.1, 28.61, 627.74]",small
000000001818.jpg,1818,24,zebra,"[178.04, 1.44, 640.0, 424.0]",large
000000001818.jpg,1818,24,zebra,"[0.0, 1.04, 637.98, 424.0]",large
000000001993.jpg,1993,65,bed,"[258.93, 194.91, 614.85, 414.28999999999996]",large
000000001993.jpg,1993,62,chair,"[109.22, 250.46, 227.86, 408.64]",large
000000001993.jpg,1993,62,chair,"[0.0, 298.68, 35.15, 408.0]",medium
000000001993.jpg,1993,67,dining table,"[0.04, 251.11, 154.42999999999998, 416.0]",large
000000002006.jpg,2006,6,bus,"[46.38, 80.9, 609.4399999999999, 426.07000000000005]",large
000000002006.jpg,2006,1,person,"[313.11, 189.53, 377.91, 256.67]",medium
000000002006.jpg,2006,1,person,"[5.23, 252.99, 50.959999999999994, 361.45]",medium
000000002006.jpg,2006,32,tie,"[334.35, 218.94, 347.97, 234.31]",small
000000002006.jpg,2006,32,tie,"[27.35, 272.68, 32.31, 304.59000000000003]",small
000000002006.jpg,2006,1,person,"[9.34, 51.89, 33.480000000000004, 76.02]",small
000000002006.jpg,2006,10,traffic light,"[55.97, 0.49, 69.42, 31.24]",small
000000002006.jpg,2006,10,traffic light,"[121.84, 65.26, 127.55, 76.39]",small
000000002149.jpg,2149,51,bowl,"[0.0, 71.01, 639.06, 421.24]",large
000000002149.jpg,2149,53,apple,"[96.45, 94.44, 339.59, 325.52]",large
000000002153.jpg,2153,1,person,"[283.4, 274.77, 466.30999999999995, 445.03999999999996]",large
000000002153.jpg,2153,1,person,"[371.62, 207.81, 433.92, 405.09000000000003]",medium
000000002153.jpg,2153,39,baseball bat,"[372.1, 184.08, 459.17, 236.92000000000002]",small
000000002153.jpg,2153,1,person,"[174.64, 0.0, 239.32, 119.95]",medium
000000002153.jpg,2153,1,person,"[275.4, 302.2, 379.19, 436.75]",medium
000000002157.jpg,2157,49,knife,"[214.48, 285.49, 328.65999999999997, 401.98]",medium
000000002157.jpg,2157,49,knife,"[403.37, 211.8, 515.4, 283.09000000000003]",medium
000000002157.jpg,2157,61,cake,"[16.31, 173.52, 269.63, 366.39]",large
000000002157.jpg,2157,46,wine glass,"[230.11, 52.53, 291.61, 201.06]",medium
000000002157.jpg,2157,46,wine glass,"[138.65, 27.38, 200.94, 169.04]",medium
000000002157.jpg,2157,46,wine glass,"[46.92, 17.23, 113.83, 161.22]",medium
000000002157.jpg,2157,46,wine glass,"[91.71, 87.84, 157.01, 171.14]",medium
000000002157.jpg,2157,46,wine glass,"[163.37, 68.29, 233.8, 176.16000000000003]",medium
000000002157.jpg,2157,46,wine glass,"[113.86, 15.04, 166.64, 92.47999999999999]",medium
000000002157.jpg,2157,46,wine glass,"[0.0, 69.86, 50.72, 133.23]",medium
000000002157.jpg,2157,46,wine glass,"[50.96, 60.53, 110.72, 154.61]",medium
000000002157.jpg,2157,46,wine glass,"[237.4, 48.49, 300.0, 178.99]",medium
000000002157.jpg,2157,47,cup,"[3.84, 118.98, 63.33, 214.94]",medium
000000002157.jpg,2157,47,cup,"[490.91, 166.81, 556.47, 233.31]",medium
000000002157.jpg,2157,67,dining table,"[1.92, 33.58, 640.0, 422.2]",large
000000002157.jpg,2157,49,knife,"[216.19, 310.9, 408.97, 422.35999999999996]",medium
000000002261.jpg,2261,1,person,"[283.65, 152.28, 381.99, 271.73]",medium
000000002261.jpg,2261,42,surfboard,"[265.07, 250.65, 351.75, 296.12]",medium
000000002299.jpg,2299,32,tie,"[101.74, 226.43, 109.27, 242.26000000000002]",small
000000002299.jpg,2299,32,tie,"[330.9, 59.2, 337.16999999999996, 73.36]",small
000000002299.jpg,2299,32,tie,"[409.34, 61.99, 416.71, 76.0]",small
000000002299.jpg,2299,32,tie,"[186.25, 60.78, 192.01, 70.4]",small
000000002299.jpg,2299,1,person,"[70.18, 189.51, 134.38, 300.0]",medium
000000002299.jpg,2299,1,person,"[139.9, 190.55, 211.94, 298.36]",medium
000000002299.jpg,2299,1,person,"[204.27, 187.31, 270.1, 288.43]",medium
000000002299.jpg,2299,1,person,"[257.68, 192.06, 330.09000000000003, 287.22]",medium
000000002299.jpg,2299,1,person,"[327.79, 190.02, 390.90000000000003, 285.03000000000003]",medium
000000002299.jpg,2299,1,person,"[387.02, 193.51, 449.59999999999997, 292.14]",medium
000000002299.jpg,2299,1,person,"[394.3, 127.59, 435.02, 219.88]",medium
000000002299.jpg,2299,1,person,"[331.91, 131.75, 398.26, 248.9]",medium
000000002299.jpg,2299,1,person,"[322.94, 129.11, 361.45, 201.40000000000003]",medium
000000002299.jpg,2299,1,person,"[60.0, 32.96, 113.21000000000001, 139.84]",medium
000000002299.jpg,2299,1,person,"[99.93, 80.0, 146.60000000000002, 154.28]",medium
000000002299.jpg,2299,1,person,"[431.19, 134.39, 473.79, 275.79999999999995]",medium
000000002299.jpg,2299,32,tie,"[174.86, 228.4, 180.59, 241.68]",small
000000002299.jpg,2299,32,tie,"[234.13, 220.28, 245.42, 235.74]",small
000000002299.jpg,2299,32,tie,"[292.59, 228.42, 298.72999999999996, 236.38]",small
000000002299.jpg,2299,32,tie,"[231.27, 57.32, 237.19, 69.8]",small
000000002299.jpg,2299,32,tie,"[279.97, 47.29, 292.69000000000005, 60.69]",small
000000002299.jpg,2299,1,person,"[284.3, 118.18, 325.64, 227.46]",medium
000000002431.jpg,2431,46,wine glass,"[307.78, 1.44, 430.02, 209.98]",large
000000002431.jpg,2431,47,cup,"[106.67, 391.35, 234.95, 567.21]",large
000000002431.jpg,2431,47,cup,"[357.56, 415.55, 456.0, 632.94]",large
000000002431.jpg,2431,49,knife,"[180.4, 117.3, 244.88, 193.04]",medium
000000002431.jpg,2431,50,spoon,"[44.49, 377.66, 183.23000000000002, 468.79]",medium
000000002431.jpg,2431,50,spoon,"[437.05, 480.08, 454.6, 496.53]",small
000000002431.jpg,2431,67,dining table,"[5.01, 6.27, 456.0, 626.21]",large
000000002431.jpg,2431,1,person,"[102.61, 0.0, 204.76999999999998, 120.68]",medium
000000002431.jpg,2431,1,person,"[0.0, 0.0, 80.53, 135.9]",medium
000000002473.jpg,2473,1,person,"[243.73, 93.08, 374.22, 243.73000000000002]",medium
000000002473.jpg,2473,1,person,"[436.85, 280.58, 498.45000000000005, 380.44]",medium
000000002473.jpg,2473,1,person,"[119.06, 341.19, 143.03, 385.28]",small
000000002473.jpg,2473,1,person,"[32.39, 328.76, 58.16, 355.17]",small
000000002473.jpg,2473,35,skis,"[285.42, 216.95, 328.17, 266.84]",small
000000002532.jpg,2532,1,person,"[182.96, 305.48, 284.47, 473.94000000000005]",medium
000000002532.jpg,2532,35,skis,"[206.17, 443.28, 266.31, 491.96]",small
000000002587.jpg,2587,52,banana,"[52.24, 0.76, 450.38, 357.74]",large
000000002587.jpg,2587,60,donut,"[172.3, 10.98, 417.23, 266.05]",large
000000002592.jpg,2592,67,dining table,"[0.82, 0.92, 637.63, 361.17]",large
000000002592.jpg,2592,47,cup,"[222.89, 34.54, 432.62, 247.56]",large
000000002592.jpg,2592,49,knife,"[27.84, 216.86, 616.83, 314.95000000000005]",large
000000002685.jpg,2685,44,bottle,"[105.79, 277.75, 150.95, 352.87]",small
000000002685.jpg,2685,44,bottle,"[121.75, 272.49, 180.43, 336.64]",medium
000000002685.jpg,2685,44,bottle,"[137.54, 263.43, 176.26999999999998, 311.77]",small
000000002685.jpg,2685,44,bottle,"[160.27, 248.36, 179.27, 285.61]",small
000000002685.jpg,2685,44,bottle,"[168.06, 237.87, 185.47, 265.73]",small
000000002685.jpg,2685,44,bottle,"[140.95, 256.0, 177.63, 290.6]",small
000000002685.jpg,2685,44,bottle,"[175.05, 235.76, 185.67000000000002, 252.20999999999998]",small
000000002685.jpg,2685,1,person,"[315.54, 56.12, 638.56, 440.26]",large
000000002685.jpg,2685,1,person,"[281.39, 98.88, 454.88, 344.04999999999995]",large
000000002685.jpg,2685,1,person,"[25.61, 218.59, 212.99, 549.95]",large
000000002685.jpg,2685,1,person,"[183.72, 122.37, 316.8, 190.49]",medium
000000002685.jpg,2685,44,bottle,"[154.53, 247.11, 178.31, 288.44]",small
000000002685.jpg,2685,46,wine glass,"[78.55, 189.37, 108.92, 227.24]",small
000000002685.jpg,2685,47,cup,"[367.04, 200.07, 386.97, 218.81]",small
000000002685.jpg,2685,1,person,"[401.6, 7.48, 607.38, 344.22]",large
000000002685.jpg,2685,31,handbag,"[502.51, 255.7, 542.65, 314.75]",medium
000000002685.jpg,2685,46,wine glass,"[283.19, 147.99, 297.62, 154.89000000000001]",small
000000002685.jpg,2685,47,cup,"[140.87, 315.74, 174.67000000000002, 352.65]",small
000000002685.jpg,2685,1,person,"[161.61, 132.67, 516.36, 547.53]",large
000000002923.jpg,2923,16,bird,"[270.21, 242.11, 281.78999999999996, 255.0]",small
000000002923.jpg,2923,16,bird,"[135.72, 236.52, 144.85, 251.58]",small
000000002923.jpg,2923,16,bird,"[170.9, 158.79, 183.84, 165.95]",small
000000002923.jpg,2923,9,boat,"[246.24, 189.05, 309.07, 206.19]",small
000000002923.jpg,2923,9,boat,"[112.03, 191.23, 143.15, 214.82]",small
000000002923.jpg,2923,9,boat,"[24.38, 196.97, 52.209999999999994, 214.88]",small
000000002923.jpg,2923,9,boat,"[464.33, 146.21, 500.0, 216.16000000000003]",medium
000000003156.jpg,3156,1,person,"[4.32, 15.86, 366.13, 635.6800000000001]",large
000000003156.jpg,3156,81,sink,"[0.0, 162.95, 61.01, 223.88]",medium
000000003156.jpg,3156,70,toilet,"[255.43, 248.26, 440.0, 615.53]",large
000000003255.jpg,3255,1,person,"[246.04, 319.95, 257.46999999999997, 357.34999999999997]",small
000000003255.jpg,3255,1,person,"[261.41, 311.89, 273.11, 356.71]",small
000000003255.jpg,3255,1,person,"[271.23, 313.63, 289.25, 358.7]",small
000000003255.jpg,3255,1,person,"[295.91, 313.66, 317.68, 352.63]",small
000000003255.jpg,3255,35,skis,"[276.13, 353.09, 290.65999999999997, 358.03999999999996]",small
000000003255.jpg,3255,27,backpack,"[257.6, 343.36, 263.86, 354.43]",small
000000003255.jpg,3255,27,backpack,"[271.89, 318.92, 282.21999999999997, 337.19]",small
000000003255.jpg,3255,1,person,"[235.17, 317.55, 244.67999999999998, 355.8]",small
000000003255.jpg,3255,27,backpack,"[307.25, 332.46, 317.33, 349.13]",small
000000003255.jpg,3255,1,person,"[242.63, 315.44, 250.67, 357.04]",small
000000003501.jpg,3501,56,broccoli,"[125.28, 67.68, 263.52, 223.20000000000002]",large
000000003501.jpg,3501,56,broccoli,"[74.88, 174.24, 257.76, 361.44]",large
000000003501.jpg,3501,51,bowl,"[12.38, 8.25, 603.75, 583.12]",large
000000003553.jpg,3553,1,person,"[153.26, 0.72, 420.25, 308.20000000000005]",large
000000003553.jpg,3553,41,skateboard,"[186.69, 262.44, 367.64, 371.58]",large
000000003661.jpg,3661,52,banana,"[61.27, 0.0, 553.13, 348.62]",large
000000003661.jpg,3661,76,keyboard,"[0.0, 163.09, 115.63, 207.1]",medium
000000003661.jpg,3661,47,cup,"[567.52, 19.95, 640.0, 240.36999999999998]",large
000000003845.jpg,3845,67,dining table,"[1.69, 1.69, 500.0, 368.26]",large
000000003845.jpg,3845,47,cup,"[105.92, 0.04, 183.03, 55.12]",medium
000000003845.jpg,3845,48,fork,"[137.45, 44.25, 424.38, 93.16]",medium
000000003845.jpg,3845,56,broccoli,"[121.15, 206.42, 178.2, 270.45]",medium
000000003845.jpg,3845,56,broccoli,"[171.25, 186.27, 266.98, 257.4]",medium
000000003845.jpg,3845,56,broccoli,"[49.41, 162.08, 103.24, 207.08]",medium
000000003845.jpg,3845,57,carrot,"[191.05, 251.74, 259.37, 318.8]",medium
000000003845.jpg,3845,57,carrot,"[258.53, 189.71, 296.46999999999997, 262.06]",medium
000000003845.jpg,3845,57,carrot,"[170.7, 83.14, 205.19, 136.2]",medium
000000003845.jpg,3845,57,carrot,"[108.53, 85.59, 162.07999999999998, 122.9]",medium
000000003845.jpg,3845,50,spoon,"[144.66, 44.72, 422.55999999999995, 88.88]",small
000000003845.jpg,3845,57,carrot,"[211.99, 136.21, 278.81, 197.71]",medium
000000003934.jpg,3934,63,couch,"[132.26, 226.36, 372.0, 354.13]",large
000000003934.jpg,3934,1,person,"[31.26, 74.89, 102.67, 318.01]",large
000000003934.jpg,3934,1,person,"[295.99, 132.3, 325.57, 207.06]",medium
000000003934.jpg,3934,1,person,"[93.95, 89.72, 155.93, 168.23000000000002]",medium
000000003934.jpg,3934,47,cup,"[153.95, 127.18, 164.06, 139.54000000000002]",small
000000003934.jpg,3934,75,remote,"[186.49, 209.76, 217.13, 222.66]",small
000000003934.jpg,3934,75,remote,"[162.78, 303.32, 213.24, 311.2]",small
000000003934.jpg,3934,1,person,"[152.27, 82.79, 204.79000000000002, 225.74]",medium
000000003934.jpg,3934,1,person,"[202.61, 106.19, 233.38000000000002, 232.92000000000002]",medium
000000003934.jpg,3934,46,wine glass,"[219.38, 280.55, 238.26, 309.02]",small
000000003934.jpg,3934,46,wine glass,"[352.98, 157.99, 363.26, 177.62]",small
000000003934.jpg,3934,46,wine glass,"[362.98, 160.14, 372.0, 175.64]",small
000000003934.jpg,3934,1,person,"[61.66, 149.1, 208.52, 466.37]",large
000000003934.jpg,3934,1,person,"[259.46, 142.44, 278.52, 163.21]",small
000000004134.jpg,4134,32,tie,"[397.3, 191.97, 435.51, 361.97]",medium
000000004134.jpg,4134,1,person,"[236.85, 45.84, 584.49, 420.22]",large
000000004134.jpg,4134,1,person,"[42.98, 44.95, 320.90000000000003, 419.33]",large
000000004134.jpg,4134,1,person,"[258.35, 165.18, 275.90000000000003, 203.15]",small
000000004134.jpg,4134,1,person,"[303.16, 123.28, 333.86, 270.06]",medium
000000004134.jpg,4134,1,person,"[469.45, 109.7, 527.65, 180.79000000000002]",medium
000000004134.jpg,4134,1,person,"[576.43, 106.5, 636.67, 316.14]",medium
000000004134.jpg,4134,1,person,"[0.0, 110.49, 70.67, 269.99]",medium
000000004134.jpg,4134,1,person,"[257.78, 186.07, 310.71, 269.81]",medium
000000004134.jpg,4134,1,person,"[190.53, 118.99, 231.03, 255.08999999999997]",medium
000000004134.jpg,4134,46,wine glass,"[224.54, 255.38, 240.26999999999998, 280.55]",small
000000004134.jpg,4134,46,wine glass,"[221.2, 243.76, 235.04999999999998, 277.74]",small
000000004134.jpg,4134,46,wine glass,"[21.6, 247.5, 36.14, 278.76]",small
000000004134.jpg,4134,67,dining table,"[211.07, 247.36, 315.16999999999996, 332.36]",medium
000000004134.jpg,4134,1,person,"[237.06, 129.38, 266.41, 206.45]",medium
000000004134.jpg,4134,32,tie,"[19.97, 148.93, 35.989999999999995, 219.52]",small
000000004134.jpg,4134,32,tie,"[322.83, 147.25, 329.88, 164.86]",small
000000004134.jpg,4134,46,wine glass,"[242.36, 198.97, 249.77, 215.38]",small
000000004134.jpg,4134,62,chair,"[255.5, 231.79, 295.68, 270.25]",small
000000004134.jpg,4134,62,chair,"[277.95, 182.82, 298.0, 214.38]",small
000000004134.jpg,4134,1,person,"[516.28, 142.08, 537.4399999999999, 180.95000000000002]",small
000000004134.jpg,4134,1,person,"[551.31, 149.57, 640.0, 424.0]",large
000000004134.jpg,4134,62,chair,"[289.56, 171.11, 300.5, 195.14000000000001]",small
000000004134.jpg,4134,67,dining table,"[0.0, 252.83, 56.13, 381.07000000000005]",medium
000000004134.jpg,4134,1,person,"[346.56, 136.92, 382.22, 200.42]",medium
000000004134.jpg,4134,67,dining table,"[334.61, 184.14, 350.66, 202.67]",small
000000004395.jpg,4395,32,tie,"[176.9, 275.06, 273.26, 631.73]",large
000000004395.jpg,4395,1,person,"[1.44, 1.44, 424.0, 638.5600000000001]",large
000000004495.jpg,4495,72,tv,"[189.82, 111.18, 261.88, 178.59]",medium
000000004495.jpg,4495,63,couch,"[201.58, 198.92, 497.88, 372.0]",large
000000004495.jpg,4495,62,chair,"[4.19, 148.57, 154.35999999999999, 327.26]",large
000000004765.jpg,4765,1,person,"[212.09, 126.8, 403.53999999999996, 385.39]",large
000000004765.jpg,4765,42,surfboard,"[257.4, 335.57, 540.81, 423.19]",medium
000000004795.jpg,4795,17,cat,"[152.77, 113.55, 548.13, 477.94]",large
000000004795.jpg,4795,73,laptop,"[0.0, 192.0, 174.74, 474.61]",large
000000004795.jpg,4795,72,tv,"[19.95, 2.49, 640.0, 351.58]",large
000000005001.jpg,5001,87,scissors,"[173.66, 204.76, 281.53, 443.15]",medium
000000005001.jpg,5001,1,person,"[10.79, 32.63, 69.03, 201.98]",medium
000000005001.jpg,5001,1,person,"[225.44, 255.64, 352.72, 480.0]",large
000000005001.jpg,5001,1,person,"[77.25, 244.56, 190.55, 479.82]",large
000000005001.jpg,5001,1,person,"[41.08, 95.68, 148.11, 474.05]",large
000000005001.jpg,5001,1,person,"[119.23, 81.44, 188.49, 269.61]",medium
000000005001.jpg,5001,1,person,"[50.81, 58.55, 135.49, 142.51999999999998]",medium
000000005001.jpg,5001,1,person,"[171.19, 31.06, 251.57, 185.54]",medium
000000005001.jpg,5001,1,person,"[297.02, 50.13, 355.41999999999996, 137.36]",medium
000000005001.jpg,5001,1,person,"[211.45, 88.41, 335.12, 281.41999999999996]",large
000000005001.jpg,5001,1,person,"[354.88, 91.69, 517.75, 470.29]",large
000000005001.jpg,5001,1,person,"[434.75, 40.93, 505.61, 160.61]",medium
000000005001.jpg,5001,1,person,"[424.99, 22.65, 469.21000000000004, 93.84]",medium
000000005001.jpg,5001,31,handbag,"[535.53, 275.03, 594.66, 347.45]",medium
000000005001.jpg,5001,2,bicycle,"[500.46, 159.1, 545.87, 258.36]",medium
000000005001.jpg,5001,1,person,"[208.12, 61.3, 297.51, 210.0]",medium
000000005001.jpg,5001,87,scissors,"[450.78, 334.49, 470.03, 392.51]",small
000000005037.jpg,5037,6,bus,"[99.33, 20.06, 574.94, 372.47]",large
000000005037.jpg,5037,3,car,"[572.48, 248.07, 600.1, 267.38]",small
000000005037.jpg,5037,1,person,"[28.98, 226.23, 44.16, 246.92999999999998]",small
000000005037.jpg,5037,1,person,"[18.74, 221.13, 30.39, 247.78]",small
000000005037.jpg,5037,1,person,"[9.68, 222.71, 21.6, 246.07]",small
000000005037.jpg,5037,1,person,"[595.57, 242.81, 613.96, 271.37]",small
000000005037.jpg,5037,1,person,"[191.21, 147.31, 244.52, 206.87]",medium
000000005037.jpg,5037,1,person,"[48.31, 223.43, 61.17, 247.78]",small
000000005037.jpg,5037,1,person,"[623.04, 217.15, 640.0, 361.59000000000003]",medium
000000005037.jpg,5037,3,car,"[592.82, 248.46, 603.6800000000001, 261.69]",small
000000005060.jpg,5060,77,cell phone,"[231.04, 370.54, 242.70999999999998, 389.39000000000004]",small
000000005060.jpg,5060,1,person,"[159.19, 309.5, 324.35, 498.4]",large
000000005193.jpg,5193,1,person,"[138.8, 113.43, 247.92000000000002, 394.85]",large
000000005193.jpg,5193,1,person,"[1.91, 89.78, 218.71, 420.22]",large
000000005193.jpg,5193,1,person,"[223.61, 63.61, 260.92, 186.56]",medium
000000005193.jpg,5193,1,person,"[377.31, 98.78, 580.81, 289.39]",large
000000005193.jpg,5193,1,person,"[289.16, 171.75, 409.47, 400.74]",large
000000005193.jpg,5193,42,surfboard,"[239.0, 64.86, 337.72, 414.63]",large
000000005193.jpg,5193,42,surfboard,"[460.0, 73.0, 564.0, 337.0]",large
000000005193.jpg,5193,44,bottle,"[369.48, 97.93, 389.24, 172.52]",medium
000000005193.jpg,5193,1,person,"[360.06, 220.62, 487.08, 374.38]",large
000000005477.jpg,5477,5,airplane,"[9.43, 105.72, 631.1899999999999, 288.87]",large
000000005477.jpg,5477,5,airplane,"[51.4, 249.06, 301.84, 277.15]",medium
000000005503.jpg,5503,70,toilet,"[34.83, 178.65, 275.28, 473.03]",large
000000005529.jpg,5529,1,person,"[79.1, 116.49, 256.0, 450.16]",large
000000005529.jpg,5529,35,skis,"[100.85, 403.65, 188.07999999999998, 442.41999999999996]",medium
000000005586.jpg,5586,1,person,"[140.53, 69.89, 177.93, 160.23000000000002]",medium
000000005586.jpg,5586,1,person,"[131.1, 169.11, 199.89, 226.33]",medium
000000005586.jpg,5586,43,tennis racket,"[131.2, 90.86, 146.89999999999998, 103.78]",small
000000005586.jpg,5586,1,person,"[65.6, 36.61, 76.44999999999999, 44.75]",small
000000005586.jpg,5586,1,person,"[136.17, 24.14, 147.42999999999998, 44.010000000000005]",small
000000005586.jpg,5586,1,person,"[146.46, 29.57, 155.25, 44.019999999999996]",small
000000005586.jpg,5586,1,person,"[154.26, 31.46, 162.14999999999998, 44.21]",small
000000005586.jpg,5586,1,person,"[186.46, 32.3, 197.85000000000002, 44.12]",small
000000005586.jpg,5586,1,person,"[272.28, 73.03, 295.90999999999997, 110.85]",small
000000005586.jpg,5586,1,person,"[178.0, 26.34, 186.24, 43.89]",small
000000005586.jpg,5586,1,person,"[100.77, 27.35, 109.55, 42.54]",small
000000005586.jpg,5586,1,person,"[291.53, 62.07, 301.72999999999996, 104.31]",small
000000005586.jpg,5586,1,person,"[111.22, 36.73, 121.19, 42.86]",small
000000005586.jpg,5586,1,person,"[301.85, 39.19, 311.87, 48.33]",small
000000005600.jpg,5600,50,spoon,"[89.24, 95.73, 210.92000000000002, 241.75]",medium
000000005600.jpg,5600,51,bowl,"[212.07, 138.09, 538.26, 360.0]",large
000000005600.jpg,5600,51,bowl,"[123.31, 1.68, 374.78999999999996, 181.77]",large
000000005992.jpg,5992,20,sheep,"[204.92, 158.79, 504.48, 423.20000000000005]",large
000000005992.jpg,5992,20,sheep,"[425.67, 124.49, 580.76, 411.90000000000003]",large
000000005992.jpg,5992,20,sheep,"[548.06, 213.63, 640.0, 420.76]",large
000000005992.jpg,5992,20,sheep,"[25.77, 125.18, 235.63000000000002, 368.17]",large
000000005992.jpg,5992,20,sheep,"[548.92, 165.1, 640.0, 290.06]",medium
000000006012.jpg,6012,52,banana,"[328.15, 25.06, 548.9, 502.36]",large
000000006012.jpg,6012,52,banana,"[98.7, 23.53, 306.11, 504.54999999999995]",large
000000006040.jpg,6040,7,train,"[63.1, 84.4, 601.0400000000001, 306.83000000000004]",large
000000006040.jpg,6040,1,person,"[379.64, 206.15, 397.53, 223.76]",small
000000006040.jpg,6040,1,person,"[331.63, 201.93, 356.83, 228.95000000000002]",small
000000006040.jpg,6040,1,person,"[296.0, 201.64, 317.51, 225.75]",small
000000006040.jpg,6040,3,car,"[0.95, 180.36, 29.5, 219.69]",small
000000006040.jpg,6040,1,person,"[261.97, 197.22, 280.41, 221.87]",small
000000006040.jpg,6040,1,person,"[198.77, 198.77, 208.23000000000002, 216.91000000000003]",small
000000006040.jpg,6040,1,person,"[374.13, 202.01, 388.28, 223.14999999999998]",small
000000006040.jpg,6040,1,person,"[350.72, 200.56, 360.88000000000005, 232.27]",small
000000006040.jpg,6040,1,person,"[126.08, 201.12, 133.25, 210.0]",small
000000006040.jpg,6040,1,person,"[139.61, 197.7, 145.61, 210.53]",small
000000006040.jpg,6040,8,truck,"[0.0, 158.22, 55.07, 211.06]",medium
000000006213.jpg,6213,81,sink,"[406.37, 253.32, 496.75, 286.88]",medium
000000006213.jpg,6213,81,sink,"[589.33, 292.78, 640.0, 312.85999999999996]",small
000000006460.jpg,6460,42,surfboard,"[276.27, 138.54, 285.88, 230.83999999999997]",small
000000006460.jpg,6460,1,person,"[277.45, 137.66, 332.09999999999997, 207.23]",medium
000000006471.jpg,6471,1,person,"[256.84, 70.89, 353.90999999999997, 303.84]",large
000000006471.jpg,6471,1,person,"[87.36, 184.51, 241.16000000000003, 324.87]",large
000000006471.jpg,6471,1,person,"[87.07, 71.44, 153.6, 140.51]",medium
000000006471.jpg,6471,1,person,"[169.32, 74.42, 221.95, 131.31]",medium
000000006471.jpg,6471,1,person,"[387.13, 60.11, 475.27, 113.56]",medium
000000006471.jpg,6471,1,person,"[215.51, 76.33, 262.65999999999997, 130.21]",medium
000000006471.jpg,6471,39,baseball bat,"[301.85, 28.33, 364.09000000000003, 98.07]",small
000000006471.jpg,6471,1,person,"[39.66, 0.0, 76.33, 14.22]",small
000000006471.jpg,6471,15,bench,"[138.25, 115.98, 191.9, 134.87]",small
000000006471.jpg,6471,15,bench,"[340.92, 97.85, 419.46000000000004, 119.03999999999999]",medium
000000006471.jpg,6471,40,baseball glove,"[213.66, 230.4, 242.46, 263.48]",small
000000006471.jpg,6471,44,bottle,"[147.25, 103.0, 152.57, 118.71000000000001]",small
000000006471.jpg,6471,1,person,"[17.55, 96.95, 68.37, 149.2]",medium
000000006471.jpg,6471,1,person,"[49.1, 80.86, 102.28, 143.64]",small
000000006471.jpg,6471,44,bottle,"[86.46, 107.35, 91.13, 123.83]",small
000000006471.jpg,6471,1,person,"[16.69, 141.86, 126.71, 323.92]",medium
000000006614.jpg,6614,53,apple,"[18.59, 40.53, 482.45, 251.54]",large
000000006614.jpg,6614,55,orange,"[122.99, 68.02, 306.55, 250.64]",large
000000006723.jpg,6723,3,car,"[171.76, 203.56, 207.14, 222.96]",small
000000006723.jpg,6723,3,car,"[282.55, 202.06, 302.39, 212.2]",small
000000006723.jpg,6723,3,car,"[332.46, 200.85, 345.04999999999995, 209.91]",small
000000006723.jpg,6723,6,bus,"[361.51, 194.03, 389.18, 224.01]",small
000000006723.jpg,6723,8,truck,"[362.11, 192.66, 389.52000000000004, 223.23]",small
000000006723.jpg,6723,8,truck,"[204.9, 201.04, 242.33, 229.29]",small
000000006763.jpg,6763,72,tv,"[219.73, 64.57, 371.08, 191.26]",large
000000006763.jpg,6763,1,person,"[79.48, 131.87, 333.71, 462.92]",large
000000006763.jpg,6763,1,person,"[2.53, 94.94, 236.71, 477.21999999999997]",large
000000006763.jpg,6763,32,tie,"[136.15, 235.58, 181.31, 415.62]",medium
000000006763.jpg,6763,67,dining table,"[2.27, 442.18, 327.65999999999997, 494.33]",medium
000000006763.jpg,6763,77,cell phone,"[36.02, 439.98, 71.03, 464.29]",small
000000006763.jpg,6763,1,person,"[0.0, 212.86, 48.54, 335.03000000000003]",medium
000000006771.jpg,6771,77,cell phone,"[267.47, 264.34, 300.36, 306.07]",small
000000006771.jpg,6771,1,person,"[532.55, 127.62, 640.0, 328.17]",medium
000000006771.jpg,6771,1,person,"[0.96, 0.0, 247.56, 422.2]",large
000000006771.jpg,6771,1,person,"[64.66, 185.53, 223.56, 349.49]",large
000000006771.jpg,6771,1,person,"[386.95, 131.82, 480.82, 228.5]",medium
000000006771.jpg,6771,1,person,"[386.7, 156.41, 570.93, 424.0]",large
000000006771.jpg,6771,1,person,"[534.47, 166.0, 640.0, 418.36]",large
000000006771.jpg,6771,1,person,"[187.53, 100.5, 438.53999999999996, 424.0]",large
000000006771.jpg,6771,1,person,"[102.06, 146.13, 202.07999999999998, 228.22]",medium
000000006818.jpg,6818,70,toilet,"[186.97, 471.83, 287.64, 527.92]",medium
000000006894.jpg,6894,1,person,"[293.39, 20.49, 640.0, 480.0]",large
000000006894.jpg,6894,22,elephant,"[0.0, 86.29, 638.56, 474.61]",large
000000006954.jpg,6954,1,person,"[1.08, 107.87, 163.96, 454.11]",large
000000006954.jpg,6954,1,person,"[197.39, 124.04, 368.9, 372.13]",large
000000006954.jpg,6954,1,person,"[362.55, 151.05, 450.01, 315.73]",medium
000000006954.jpg,6954,1,person,"[145.29, 136.68, 267.98, 330.4]",large
000000006954.jpg,6954,1,person,"[359.19, 117.57, 640.0, 386.15999999999997]",large
000000006954.jpg,6954,34,frisbee,"[248.09, 224.36, 365.65999999999997, 347.33000000000004]",large
000000006954.jpg,6954,34,frisbee,"[457.35, 229.82, 601.89, 373.28999999999996]",large
000000007088.jpg,7088,28,umbrella,"[82.37, 173.35, 304.15999999999997, 268.72]",large
000000007088.jpg,7088,8,truck,"[229.66, 152.05, 369.27, 187.99]",medium
000000007088.jpg,7088,1,person,"[179.05, 208.22, 276.78000000000003, 462.51]",large
000000007088.jpg,7088,3,car,"[47.29, 181.92, 59.11, 191.73]",small
000000007108.jpg,7108,22,elephant,"[125.69, 26.39, 418.32, 420.71999999999997]",large
000000007108.jpg,7108,22,elephant,"[401.19, 77.47, 632.99, 424.0]",large
000000007108.jpg,7108,22,elephant,"[338.13, 0.91, 504.32, 93.56]",large
000000007108.jpg,7108,22,elephant,"[120.88, 219.0, 203.62, 345.95]",medium
000000007108.jpg,7108,22,elephant,"[567.63, 49.79, 637.34, 372.89000000000004]",medium
000000007278.jpg,7278,1,person,"[189.78, 59.41, 311.63, 154.3]",medium
000000007278.jpg,7278,42,surfboard,"[283.77, 57.93, 337.65, 119.28999999999999]",medium
000000007281.jpg,7281,19,horse,"[349.35, 188.65, 461.15000000000003, 357.12]",medium
000000007281.jpg,7281,19,horse,"[471.85, 179.59, 548.5600000000001, 355.65]",medium
000000007281.jpg,7281,1,person,"[344.85, 132.99, 473.26, 299.35]",medium
000000007281.jpg,7281,1,person,"[465.33, 122.24, 527.5, 195.92000000000002]",medium
000000007281.jpg,7281,1,person,"[551.1, 193.24, 568.7, 222.01000000000002]",small
000000007281.jpg,7281,1,person,"[572.72, 201.91, 580.12, 212.79]",small
000000007281.jpg,7281,1,person,"[592.33, 203.68, 601.4200000000001, 217.19]",small
000000007281.jpg,7281,1,person,"[255.86, 199.85, 261.64, 206.57999999999998]",small
000000007281.jpg,7281,1,person,"[601.22, 203.33, 607.14, 214.96]",small
000000007281.jpg,7281,1,person,"[634.84, 209.66, 638.59, 215.52]",small
000000007281.jpg,7281,1,person,"[0.0, 225.63, 34.15, 271.15999999999997]",medium
000000007281.jpg,7281,1,person,"[534.6, 209.47, 538.33, 213.93]",small
000000007386.jpg,7386,18,dog,"[180.91, 281.14, 219.31, 326.62]",medium
000000007386.jpg,7386,4,motorcycle,"[51.12, 12.56, 600.0, 400.0]",large
000000007386.jpg,7386,2,bicycle,"[221.85, 100.97, 289.87, 166.2]",medium
000000007386.jpg,7386,2,bicycle,"[218.68, 158.78, 279.73, 214.12]",medium
000000007386.jpg,7386,8,truck,"[398.63, 144.76, 519.66, 235.04]",medium
000000007511.jpg,7511,1,person,"[386.16, 240.54, 509.12, 472.45]",large
000000007511.jpg,7511,1,person,"[269.44, 272.78, 282.63, 305.22999999999996]",small
000000007511.jpg,7511,1,person,"[385.74, 274.12, 391.69, 282.09000000000003]",small
000000007511.jpg,7511,1,person,"[614.16, 297.67, 630.1, 309.11]",small
000000007511.jpg,7511,1,person,"[523.46, 276.22, 531.8000000000001, 297.45000000000005]",small
000000007511.jpg,7511,38,kite,"[205.37, 127.34, 221.17000000000002, 161.2]",small
000000007511.jpg,7511,38,kite,"[554.75, 169.18, 565.71, 180.33]",small
000000007511.jpg,7511,27,backpack,"[608.9, 390.18, 640.0, 424.61]",small
000000007511.jpg,7511,1,person,"[605.67, 296.63, 615.62, 308.64]",small
000000007511.jpg,7511,1,person,"[623.14, 280.75, 629.54, 295.93]",small
000000007511.jpg,7511,1,person,"[610.59, 277.12, 616.77, 286.01]",small
000000007511.jpg,7511,1,person,"[602.26, 276.75, 610.46, 289.46]",small
000000007511.jpg,7511,1,person,"[511.12, 286.87, 520.04, 299.57]",small
000000007511.jpg,7511,1,person,"[592.74, 272.63, 597.74, 288.09]",small
000000007511.jpg,7511,1,person,"[238.78, 281.73, 252.42000000000002, 306.32]",small
000000007511.jpg,7511,1,person,"[596.38, 293.13, 606.87, 308.04]",small
000000007574.jpg,7574,44,bottle,"[501.24, 306.49, 533.2, 389.13]",medium
000000007574.jpg,7574,44,bottle,"[483.34, 299.06, 510.64, 381.47]",medium
000000007574.jpg,7574,82,refrigerator,"[1.08, 168.54, 103.55, 445.75]",large
000000007574.jpg,7574,46,wine glass,"[464.03, 312.24, 485.75, 379.82]",small
000000007574.jpg,7574,46,wine glass,"[452.19, 307.02, 472.81, 372.07]",small
000000007574.jpg,7574,79,oven,"[252.4, 242.7, 427.15, 353.79999999999995]",medium
000000007574.jpg,7574,81,sink,"[43.49, 353.94, 308.03000000000003, 429.26]",large
000000007574.jpg,7574,51,bowl,"[102.93, 74.91, 153.41, 89.39999999999999]",small
000000007574.jpg,7574,51,bowl,"[348.26, 300.53, 401.09, 340.01]",small
000000007574.jpg,7574,78,microwave,"[304.03, 146.07, 362.71, 236.38]",medium
000000007574.jpg,7574,86,vase,"[205.62, 55.27, 230.27, 92.80000000000001]",small
000000007574.jpg,7574,86,vase,"[240.83, 57.72, 267.0, 93.69999999999999]",small
000000007784.jpg,7784,38,kite,"[93.96, 86.13, 334.37, 306.22]",large
000000007795.jpg,7795,65,bed,"[0.96, 191.43, 454.76, 418.34000000000003]",large
000000007795.jpg,7795,65,bed,"[163.72, 189.52, 483.49, 311.11]",large
000000007795.jpg,7795,85,clock,"[133.18, 245.94, 141.73000000000002, 258.56]",small
000000007795.jpg,7795,75,remote,"[625.52, 256.08, 639.84, 261.25]",small
000000007816.jpg,7816,4,motorcycle,"[240.72, 152.98, 467.12, 360.27]",large
000000007816.jpg,7816,1,person,"[491.06, 56.27, 519.44, 162.91]",medium
000000007816.jpg,7816,1,person,"[564.4, 59.08, 587.5799999999999, 174.01]",medium
000000007816.jpg,7816,1,person,"[573.48, 53.75, 598.01, 82.4]",small
000000007816.jpg,7816,1,person,"[581.31, 47.32, 621.5, 186.54999999999998]",medium
000000007816.jpg,7816,1,person,"[415.88, 122.97, 479.89, 176.01999999999998]",medium
000000007816.jpg,7816,1,person,"[505.54, 53.01, 544.08, 165.09]",medium
000000007816.jpg,7816,1,person,"[362.4, 107.53, 384.75, 149.13]",small
000000007816.jpg,7816,1,person,"[386.1, 147.28, 419.24, 168.58]",small
000000007816.jpg,7816,1,person,"[244.25, 34.1, 295.07, 144.14000000000001]",medium
000000007816.jpg,7816,1,person,"[271.43, 77.84, 455.84000000000003, 277.27]",large
000000007818.jpg,7818,67,dining table,"[0.0, 77.36, 640.0, 424.0]",large
000000007818.jpg,7818,46,wine glass,"[332.5, 158.89, 413.42, 352.66999999999996]",medium
000000007818.jpg,7818,46,wine glass,"[399.86, 187.2, 443.02, 284.73]",medium
000000007818.jpg,7818,46,wine glass,"[136.56, 150.03, 227.93, 329.87]",medium
000000007818.jpg,7818,49,knife,"[446.99, 265.1, 554.56, 282.33000000000004]",small
000000007818.jpg,7818,86,vase,"[288.05, 215.87, 358.38, 314.68]",medium
000000007818.jpg,7818,48,fork,"[121.66, 304.87, 168.73, 332.74]",small
000000007818.jpg,7818,62,chair,"[8.11, 260.28, 115.03, 309.97999999999996]",medium
000000007818.jpg,7818,49,knife,"[461.1, 314.39, 640.0, 357.59999999999997]",medium
000000007818.jpg,7818,49,knife,"[210.68, 265.43, 283.17, 274.47]",small
000000007818.jpg,7818,62,chair,"[615.85, 273.83, 640.0, 318.28999999999996]",small
000000007888.jpg,7888,85,clock,"[184.09, 250.25, 302.02, 417.08000000000004]",large
000000007888.jpg,7888,85,clock,"[319.08, 242.77, 470.13, 403.43]",large
000000007977.jpg,7977,1,person,"[104.36, 144.98, 262.76, 420.64]",large
000000007977.jpg,7977,41,skateboard,"[199.57, 346.23, 267.72, 426.74]",medium
000000007977.jpg,7977,1,person,"[66.51, 210.49, 74.44, 224.08]",small
000000007977.jpg,7977,1,person,"[42.75, 210.38, 50.21, 224.46]",small
000000007977.jpg,7977,1,person,"[38.62, 213.35, 43.099999999999994, 223.82]",small
000000007977.jpg,7977,1,person,"[80.2, 208.0, 87.29, 224.77]",small
000000007991.jpg,7991,49,knife,"[0.81, 157.31, 147.63, 257.35]",medium
000000007991.jpg,7991,57,carrot,"[170.63, 70.11, 480.64, 339.57]",large
000000007991.jpg,7991,49,knife,"[6.53, 115.63, 151.06, 159.45]",medium
000000008021.jpg,8021,32,tie,"[318.36, 198.43, 340.32, 299.01]",medium
000000008021.jpg,8021,1,person,"[3.24, 255.14, 309.19, 478.91999999999996]",large
000000008021.jpg,8021,1,person,"[435.33, 285.21, 640.0, 480.0]",large
000000008021.jpg,8021,1,person,"[244.3, 101.17, 441.26, 368.07]",large
000000008021.jpg,8021,44,bottle,"[443.84, 367.93, 451.79999999999995, 386.05]",small
000000008021.jpg,8021,44,bottle,"[436.56, 368.91, 444.51, 385.75]",small
000000008021.jpg,8021,44,bottle,"[431.83, 369.24, 437.38, 386.13]",small
000000008211.jpg,8211,4,motorcycle,"[141.29, 161.45, 252.05, 310.92999999999995]",medium
000000008211.jpg,8211,62,chair,"[322.48, 250.87, 377.59000000000003, 344.8]",small
000000008211.jpg,8211,62,chair,"[412.09, 282.5, 448.90999999999997, 340.63]",small
000000008211.jpg,8211,1,person,"[411.89, 181.48, 478.95, 345.34000000000003]",medium
000000008211.jpg,8211,1,person,"[325.94, 203.2, 410.52, 353.78999999999996]",medium
000000008211.jpg,8211,2,bicycle,"[308.3, 190.03, 354.42, 257.65]",medium
000000008277.jpg,8277,48,fork,"[386.96, 83.7, 612.0, 393.82]",large
000000008277.jpg,8277,51,bowl,"[19.25, 34.38, 464.84, 361.18]",large
000000008277.jpg,8277,51,bowl,"[0.0, 70.89, 612.0, 612.0]",large
000000008277.jpg,8277,56,broccoli,"[270.93, 181.54, 363.07, 257.18]",medium
000000008277.jpg,8277,56,broccoli,"[121.1, 158.66, 217.97, 242.95999999999998]",medium
000000008277.jpg,8277,56,broccoli,"[209.0, 162.79, 278.65, 270.82]",medium
000000008277.jpg,8277,56,broccoli,"[268.18, 119.65, 320.44, 173.29000000000002]",medium
000000008277.jpg,8277,56,broccoli,"[360.06, 211.07, 385.91, 264.8]",small
000000008277.jpg,8277,56,broccoli,"[194.76, 254.29, 270.24, 316.45]",medium
000000008277.jpg,8277,56,broccoli,"[202.82, 82.63, 282.5, 167.57999999999998]",medium
000000008277.jpg,8277,56,broccoli,"[290.91, 98.42, 353.32000000000005, 169.09]",medium
000000008277.jpg,8277,56,broccoli,"[257.87, 226.79, 345.51, 297.66999999999996]",medium
000000008277.jpg,8277,56,broccoli,"[278.18, 149.31, 379.89, 217.81]",medium
000000008532.jpg,8532,32,tie,"[418.34, 370.48, 498.76, 424.0]",medium
000000008532.jpg,8532,1,person,"[155.89, 9.59, 640.0, 424.0]",large
000000008629.jpg,8629,48,fork,"[592.86, 284.93, 621.88, 338.22]",small
000000008629.jpg,8629,59,pizza,"[435.78, 430.02, 605.48, 579.6]",large
000000008629.jpg,8629,59,pizza,"[429.5, 231.17, 621.91, 395.34]",large
000000008629.jpg,8629,59,pizza,"[231.55, 434.34, 424.27, 625.62]",large
000000008629.jpg,8629,59,pizza,"[44.58, 425.71, 182.64999999999998, 602.61]",large
000000008629.jpg,8629,59,pizza,"[21.08, 13.55, 414.12, 344.85]",large
000000008629.jpg,8629,59,pizza,"[430.47, 20.18, 621.6700000000001, 189.06]",large
000000008690.jpg,8690,1,person,"[136.7, 18.6, 351.52, 396.84000000000003]",large
000000008690.jpg,8690,1,person,"[285.84, 73.35, 516.67, 396.93999999999994]",large
000000008690.jpg,8690,1,person,"[74.25, 10.38, 175.94, 302.01]",medium
000000008690.jpg,8690,1,person,"[379.69, 390.29, 637.48, 474.43]",medium
000000008690.jpg,8690,20,sheep,"[52.5, 309.38, 640.0, 480.0]",large
000000008762.jpg,8762,10,traffic light,"[58.07, 85.64, 79.31, 146.99]",medium
000000008762.jpg,8762,10,traffic light,"[163.15, 106.16, 186.25, 144.87]",small
000000008762.jpg,8762,10,traffic light,"[504.08, 230.61, 517.93, 241.98000000000002]",small
000000008762.jpg,8762,10,traffic light,"[495.15, 178.41, 515.26, 220.34]",small
000000008762.jpg,8762,3,car,"[109.05, 285.07, 122.34, 292.29]",small
000000008762.jpg,8762,3,car,"[0.0, 279.61, 27.83, 302.90000000000003]",small
000000008762.jpg,8762,10,traffic light,"[484.99, 229.2, 494.28000000000003, 245.83999999999997]",small
000000008844.jpg,8844,1,person,"[356.43, 58.23, 581.34, 277.42]",large
000000008844.jpg,8844,52,banana,"[534.18, 242.04, 563.8499999999999, 321.49]",medium
000000008844.jpg,8844,52,banana,"[543.65, 259.19, 637.72, 392.8]",medium
000000008844.jpg,8844,52,banana,"[0.0, 116.15, 387.79, 417.02]",large
000000008844.jpg,8844,52,banana,"[370.87, 243.57, 543.28, 383.9]",large
000000008844.jpg,8844,1,person,"[340.56, 186.5, 368.51, 248.2]",medium
000000008844.jpg,8844,1,person,"[292.79, 184.36, 335.39000000000004, 228.79000000000002]",small
000000008899.jpg,8899,11,fire hydrant,"[140.66, 398.37, 180.57, 493.85]",medium
000000008899.jpg,8899,2,bicycle,"[23.63, 346.08, 73.48, 450.09]",medium
000000009378.jpg,9378,1,person,"[66.82, 44.92, 473.14, 393.45]",large
000000009378.jpg,9378,1,person,"[307.83, 331.36, 394.2, 392.64]",medium
000000009378.jpg,9378,1,person,"[425.04, 336.99, 480.37, 389.51]",medium
000000009378.jpg,9378,1,person,"[525.84, 295.73, 587.87, 374.83000000000004]",medium
000000009378.jpg,9378,34,frisbee,"[190.5, 217.24, 359.66999999999996, 258.16]",medium
000000009378.jpg,9378,1,person,"[31.46, 363.15, 60.22, 390.10999999999996]",small
000000009378.jpg,9378,1,person,"[491.31, 321.63, 536.78, 390.87]",medium
000000009378.jpg,9378,1,person,"[522.09, 318.63, 550.9200000000001, 358.15]",small
000000009378.jpg,9378,1,person,"[10.33, 361.07, 34.93, 391.78]",small
000000009378.jpg,9378,1,person,"[421.38, 350.46, 441.68, 389.53]",small
000000009400.jpg,9400,1,person,"[145.48, 95.59, 281.92999999999995, 267.46000000000004]",large
000000009400.jpg,9400,1,person,"[312.11, 81.92, 460.63, 278.87]",large
000000009400.jpg,9400,1,person,"[447.9, 89.27, 640.0, 365.39]",large
000000009400.jpg,9400,73,laptop,"[265.58, 230.03, 491.78999999999996, 480.0]",large
000000009400.jpg,9400,73,laptop,"[328.91, 219.58, 500.36, 330.74]",medium
000000009400.jpg,9400,73,laptop,"[85.86, 211.13, 215.07, 281.1]",medium
000000009400.jpg,9400,73,laptop,"[0.92, 173.05, 263.19, 473.2]",large
000000009400.jpg,9400,74,mouse,"[460.09, 354.85, 542.3, 383.08000000000004]",medium
000000009400.jpg,9400,76,keyboard,"[458.43, 362.43, 587.87, 472.45]",medium
000000009400.jpg,9400,1,person,"[563.75, 47.94, 613.85, 123.61]",medium
000000009400.jpg,9400,1,person,"[2.16, 95.43, 104.63, 192.51]",medium
000000009400.jpg,9400,1,person,"[523.0, 410.09, 640.0, 475.16999999999996]",medium
000000009400.jpg,9400,1,person,"[367.18, 59.06, 402.8, 87.87]",small
000000009400.jpg,9400,1,person,"[276.76, 60.68, 366.46999999999997, 198.85]",medium
000000009400.jpg,9400,47,cup,"[32.75, 256.44, 76.78, 319.51]",medium
000000009400.jpg,9400,73,laptop,"[444.38, 105.74, 480.58, 158.72]",medium
000000009400.jpg,9400,76,keyboard,"[318.4, 362.33, 428.67999999999995, 461.76]",medium
000000009400.jpg,9400,76,keyboard,"[403.11, 283.11, 471.37, 320.71000000000004]",medium
000000009400.jpg,9400,76,keyboard,"[1.08, 279.37, 31.28, 307.42]",small
000000009400.jpg,9400,47,cup,"[250.65, 417.12, 314.52, 480.0]",medium
000000009400.jpg,9400,47,cup,"[251.59, 380.35, 328.25, 476.48]",medium
000000009400.jpg,9400,47,cup,"[356.25, 281.88, 405.0, 363.13]",medium
000000009400.jpg,9400,76,keyboard,"[189.52, 253.97, 209.94, 268.31]",small
000000009400.jpg,9400,1,person,"[457.98, 68.75, 536.35, 222.15]",medium
000000009448.jpg,9448,28,umbrella,"[1.44, 1.0, 548.0, 392.19]",large
000000009448.jpg,9448,1,person,"[128.0, 101.4, 382.34000000000003, 631.6899999999999]",large
000000009483.jpg,9483,72,tv,"[458.8, 210.25, 578.99, 349.49]",large
000000009483.jpg,9483,1,person,"[36.44, 62.46, 177.14, 480.0]",large
000000009483.jpg,9483,74,mouse,"[375.93, 361.89, 409.74, 380.66999999999996]",small
000000009483.jpg,9483,76,keyboard,"[306.5, 317.58, 422.58, 361.21]",medium
000000009483.jpg,9483,72,tv,"[250.87, 275.16, 280.4, 295.47]",small
000000009483.jpg,9483,72,tv,"[217.89, 269.87, 245.04999999999998, 287.82]",small
000000009590.jpg,9590,44,bottle,"[427.09, 227.73, 450.59, 276.53]",small
000000009590.jpg,9590,85,clock,"[178.75, 97.83, 199.26, 123.82]",small
000000009590.jpg,9590,67,dining table,"[179.13, 253.68, 640.0, 417.32]",large
000000009590.jpg,9590,1,person,"[136.36, 155.51, 231.19, 293.63]",medium
000000009590.jpg,9590,1,person,"[259.08, 177.52, 323.37, 253.32]",medium
000000009590.jpg,9590,1,person,"[0.0, 52.78, 237.01, 424.0]",large
000000009590.jpg,9590,47,cup,"[347.22, 270.92, 385.8, 310.33000000000004]",medium
000000009590.jpg,9590,47,cup,"[522.83, 237.5, 582.25, 291.96]",medium
000000009590.jpg,9590,50,spoon,"[363.08, 298.61, 415.56, 310.78000000000003]",small
000000009590.jpg,9590,50,spoon,"[534.34, 368.1, 591.4000000000001, 424.0]",medium
000000009590.jpg,9590,51,bowl,"[424.12, 276.06, 472.1, 305.8]",medium
000000009590.jpg,9590,51,bowl,"[338.44, 256.58, 404.85, 272.84]",small
000000009590.jpg,9590,51,bowl,"[287.61, 273.78, 323.91, 293.85999999999996]",small
000000009590.jpg,9590,51,bowl,"[242.88, 258.09, 267.88, 272.89]",small
000000009590.jpg,9590,51,bowl,"[384.0, 272.29, 419.51, 300.79]",small
000000009590.jpg,9590,1,person,"[371.56, 168.77, 457.85, 266.48]",medium
000000009590.jpg,9590,47,cup,"[541.22, 214.58, 567.71, 236.54000000000002]",small
000000009590.jpg,9590,47,cup,"[466.61, 262.74, 491.82, 300.08000000000004]",small
000000009590.jpg,9590,47,cup,"[184.6, 280.03, 207.75, 306.47999999999996]",small
000000009590.jpg,9590,51,bowl,"[416.23, 256.61, 430.28000000000003, 273.85]",small
000000009590.jpg,9590,62,chair,"[130.64, 235.68, 143.66, 268.55]",small
000000009590.jpg,9590,1,person,"[243.18, 348.22, 363.06, 421.29]",medium
000000009590.jpg,9590,47,cup,"[423.4, 275.03, 471.65999999999997, 305.88]",medium
000000009590.jpg,9590,47,cup,"[325.2, 251.15, 346.2, 265.96]",small
000000009590.jpg,9590,47,cup,"[478.52, 258.83, 522.6, 278.81]",small
000000009590.jpg,9590,47,cup,"[251.46, 250.11, 276.05, 270.15000000000003]",small
000000009590.jpg,9590,50,spoon,"[551.62, 301.21, 580.3100000000001, 311.28999999999996]",small
000000009590.jpg,9590,1,person,"[513.4, 109.93, 640.0, 286.62]",large
000000009590.jpg,9590,47,cup,"[301.72, 234.31, 327.83000000000004, 264.01]",small
000000009769.jpg,9769,1,person,"[139.51, 200.68, 183.29, 274.57]",medium
000000009769.jpg,9769,11,fire hydrant,"[551.71, 258.81, 563.3000000000001, 279.51]",small
000000009769.jpg,9769,1,person,"[310.94, 203.5, 350.52, 241.87]",small
000000009769.jpg,9769,1,person,"[252.29, 200.35, 300.5, 235.57999999999998]",small
000000009769.jpg,9769,8,truck,"[84.55, 187.85, 463.83, 376.73]",large
000000009772.jpg,9772,72,tv,"[426.66, 91.19, 516.54, 186.75]",medium
000000009772.jpg,9772,1,person,"[275.58, 230.99, 333.21, 356.41]",medium
000000009772.jpg,9772,81,sink,"[322.91, 378.26, 408.41, 397.32]",medium
000000009772.jpg,9772,81,sink,"[173.64, 379.73, 255.38, 396.15000000000003]",small
000000009891.jpg,9891,32,tie,"[107.52, 137.49, 124.25, 188.29000000000002]",small
000000009891.jpg,9891,3,car,"[284.76, 79.89, 640.0, 299.94]",large
000000009891.jpg,9891,1,person,"[206.64, 92.56, 357.30999999999995, 416.5]",large
000000009891.jpg,9891,1,person,"[76.24, 105.34, 202.95, 286.82]",medium
000000009891.jpg,9891,1,person,"[305.95, 112.73, 354.81, 155.37]",small
000000009891.jpg,9891,1,person,"[438.24, 119.43, 476.03000000000003, 153.20000000000002]",small
000000009891.jpg,9891,33,suitcase,"[174.74, 244.85, 310.65, 405.57]",large
000000009891.jpg,9891,3,car,"[198.58, 129.69, 239.41000000000003, 188.88]",medium
000000009891.jpg,9891,3,car,"[158.79, 134.21, 208.99, 169.45000000000002]",small
000000009891.jpg,9891,27,backpack,"[411.1, 292.63, 491.85, 382.77]",medium
000000009891.jpg,9891,33,suitcase,"[414.93, 243.83, 492.57, 349.11]",medium
000000009891.jpg,9891,27,backpack,"[339.77, 286.02, 397.40999999999997, 313.19]",medium
000000009891.jpg,9891,3,car,"[230.9, 152.26, 243.82, 198.93]",small
