image,variant,num_detections,class_id,class_name,confidence,x1,y1,x2,y2
000000000001,HR,4,7,truck,0.9525063037872314,267.3951416015625,0.584747314453125,639.1124267578125,225.72698974609375
000000000001,HR,4,12,parking meter,0.6569519639015198,259.19866943359375,151.57284545898438,294.93463134765625,231.93661499023438
000000000001,HR,4,2,car,0.5375271439552307,32.36297607421875,119.2057876586914,457.080322265625,315.3992004394531
000000000001,HR,4,6,train,0.48227033019065857,39.07177734375,119.56505584716797,462.119873046875,318.0770263671875
000000000001,Bicubic,3,7,truck,0.840726375579834,268.8685302734375,0.428558349609375,639.0677490234375,224.30279541015625
000000000001,Bicubic,3,12,parking meter,0.7982932925224304,259.840576171875,155.8759307861328,294.5721435546875,231.54335021972656
000000000001,Bicubic,3,2,car,0.5319766998291016,40.90155029296875,119.37076568603516,452.68804931640625,310.9893493652344
000000000001,SRCNN_x4_V4,5,7,truck,0.8601314425468445,268.5335693359375,1.429779052734375,639.0654296875,225.35543823242188
000000000001,SRCNN_x4_V4,5,12,parking meter,0.7321421504020691,259.62677001953125,156.63729858398438,294.86810302734375,231.07638549804688
000000000001,SRCNN_x4_V4,5,6,train,0.5388074517250061,40.201416015625,117.26276397705078,453.26123046875,309.21649169921875
000000000001,SRCNN_x4_V4,5,2,car,0.4628358483314514,31.716705322265625,117.73110961914062,449.5249938964844,309.01617431640625
000000000001,SRCNN_x4_V4,5,12,parking meter,0.258408784866333,259.09027099609375,156.80555725097656,293.63507080078125,197.85401916503906
000000000001,SRCNN_x4_Adaptive,4,7,truck,0.8609524965286255,268.63287353515625,1.20733642578125,638.8663940429688,225.37026977539062
000000000001,SRCNN_x4_Adaptive,4,12,parking meter,0.7334387302398682,259.45452880859375,156.7522430419922,294.77276611328125,231.0803985595703
000000000001,SRCNN_x4_Adaptive,4,6,train,0.6238493919372559,39.614013671875,117.5477294921875,452.9669189453125,311.20074462890625
000000000001,SRCNN_x4_Adaptive,4,2,car,0.43874886631965637,31.67333984375,117.61913299560547,449.49957275390625,310.73211669921875
000000000001,3Region_Base,4,7,truck,0.8970881104469299,269.95947265625,0.6739654541015625,639.447998046875,224.7366943359375
000000000001,3Region_Base,4,12,parking meter,0.6951577067375183,259.91375732421875,156.80410766601562,295.14508056640625,231.02554321289062
000000000001,3Region_Base,4,6,train,0.5367880463600159,37.488494873046875,117.80225372314453,454.0970764160156,314.455078125
000000000001,3Region_Base,4,2,car,0.48057761788368225,29.764892578125,116.66104125976562,451.31842041015625,314.9437561035156
000000000001,3Region_Edge12,4,7,truck,0.8974871635437012,269.97119140625,0.6043701171875,639.3876953125,224.55767822265625
000000000001,3Region_Edge12,4,12,parking meter,0.6570854187011719,259.89105224609375,156.78912353515625,295.24932861328125,231.02130126953125
000000000001,3Region_Edge12,4,6,train,0.5425354242324829,37.86663818359375,117.16956329345703,453.8896484375,314.98077392578125
000000000001,3Region_Edge12,4,2,car,0.4731135666370392,29.478424072265625,115.99832153320312,451.4650573730469,315.467529296875
000000000001,3Region_Thr1035,4,7,truck,0.8992070555686951,268.98773193359375,0.608367919921875,638.97998046875,225.855224609375
000000000001,3Region_Thr1035,4,12,parking meter,0.6979761123657227,260.0455322265625,156.9393310546875,294.81451416015625,231.72381591796875
000000000001,3Region_Thr1035,4,6,train,0.5907993912696838,38.59759521484375,118.03519439697266,453.82025146484375,313.7508239746094
000000000001,3Region_Thr1035,4,2,car,0.43920454382896423,30.55206298828125,116.93805694580078,450.900146484375,315.02655029296875
000000000001,3Region_Thr2055_Edge12,4,7,truck,0.8871937990188599,270.6864013671875,0.581817626953125,639.3289794921875,224.34097290039062
000000000001,3Region_Thr2055_Edge12,4,12,parking meter,0.6776895523071289,259.990234375,156.78793334960938,295.334228515625,230.71670532226562
000000000001,3Region_Thr2055_Edge12,4,2,car,0.4984762668609619,30.617156982421875,115.52676391601562,450.559814453125,315.4544982910156
000000000001,3Region_Thr2055_Edge12,4,6,train,0.49324843287467957,37.879974365234375,116.49172973632812,453.7393798828125,315.225341796875
000000000016,HR,4,0,person,0.8610978126525879,151.2726287841797,117.053466796875,473.33404541015625,630.91064453125
000000000016,HR,4,32,sports ball,0.8079777956008911,236.93121337890625,92.66250610351562,262.4915771484375,125.11618041992188
000000000016,HR,4,0,person,0.7262090444564819,0.0,179.765869140625,45.062171936035156,515.6931762695312
000000000016,HR,4,34,baseball bat,0.6786492466926575,34.62926483154297,255.32662963867188,248.13885498046875,327.9515686035156
000000000016,Bicubic,4,0,person,0.8686673641204834,149.44342041015625,109.5792236328125,477.48175048828125,632.97021484375
000000000016,Bicubic,4,34,baseball bat,0.7412018179893494,36.279754638671875,253.05712890625,250.886474609375,327.9298095703125
000000000016,Bicubic,4,32,sports ball,0.6459861993789673,236.087646484375,90.44438171386719,263.79815673828125,125.15644836425781
000000000016,Bicubic,4,0,person,0.6010814309120178,0.0,179.1522216796875,46.92811584472656,515.6785278320312
000000000016,SRCNN_x4_V4,4,0,person,0.8483284711837769,151.14495849609375,121.91236877441406,472.75494384765625,630.693603515625
000000000016,SRCNN_x4_V4,4,32,sports ball,0.7669696807861328,236.05377197265625,91.16934204101562,263.7174987792969,124.91950988769531
000000000016,SRCNN_x4_V4,4,34,baseball bat,0.7405285239219666,36.645835876464844,255.04794311523438,248.97665405273438,328.0857849121094
000000000016,SRCNN_x4_V4,4,0,person,0.5950470566749573,0.0,180.98846435546875,46.087249755859375,516.3719482421875
000000000016,SRCNN_x4_Adaptive,4,0,person,0.8470227718353271,149.66732788085938,104.8389892578125,476.8585510253906,633.1982421875
000000000016,SRCNN_x4_Adaptive,4,32,sports ball,0.7721757888793945,236.09332275390625,90.81752014160156,263.9437255859375,124.94580078125
000000000016,SRCNN_x4_Adaptive,4,34,baseball bat,0.7297067046165466,37.22760009765625,254.99151611328125,249.43130493164062,327.805419921875
000000000016,SRCNN_x4_Adaptive,4,0,person,0.5684979557991028,0.0,181.9249267578125,46.22428894042969,516.364990234375
000000000016,3Region_Base,4,0,person,0.8455449938774109,149.35595703125,121.63447570800781,474.22491455078125,630.8234252929688
000000000016,3Region_Base,4,32,sports ball,0.7738659381866455,236.19229125976562,89.87281799316406,264.67510986328125,124.80764770507812
000000000016,3Region_Base,4,34,baseball bat,0.7213037014007568,37.382972717285156,252.70907592773438,249.17800903320312,327.9374084472656
000000000016,3Region_Base,4,0,person,0.512820303440094,0.0,182.21502685546875,46.03056335449219,516.6907958984375
000000000016,3Region_Edge12,4,0,person,0.8470112681388855,149.2101593017578,122.00343322753906,474.15216064453125,630.7119140625
000000000016,3Region_Edge12,4,32,sports ball,0.7823905944824219,236.15924072265625,89.77644348144531,264.54388427734375,124.71287536621094
000000000016,3Region_Edge12,4,34,baseball bat,0.7295119166374207,37.22908020019531,252.40530395507812,249.1419219970703,327.7991027832031
000000000016,3Region_Edge12,4,0,person,0.5091477036476135,0.0,182.9256591796875,46.13422393798828,516.4429931640625
000000000016,3Region_Thr1035,4,0,person,0.8497225642204285,150.1458740234375,121.19288635253906,473.95855712890625,630.70703125
000000000016,3Region_Thr1035,4,32,sports ball,0.7699106931686401,236.24374389648438,90.30772399902344,264.60919189453125,124.76774597167969
000000000016,3Region_Thr1035,4,34,baseball bat,0.7162694334983826,36.90916442871094,252.72308349609375,249.12559509277344,327.7625732421875
000000000016,3Region_Thr1035,4,0,person,0.5150760412216187,0.0,182.600341796875,45.66864013671875,516.719482421875
000000000016,3Region_Thr2055_Edge12,4,0,person,0.840588390827179,149.63328552246094,122.31370544433594,473.9434814453125,630.7626953125
000000000016,3Region_Thr2055_Edge12,4,32,sports ball,0.8041384220123291,236.0616455078125,89.73169708251953,264.48419189453125,124.71289825439453
000000000016,3Region_Thr2055_Edge12,4,34,baseball bat,0.7396210432052612,37.33128356933594,252.64022827148438,249.1771697998047,328.3915100097656
000000000016,3Region_Thr2055_Edge12,4,0,person,0.4923417866230011,0.0,182.11700439453125,46.067203521728516,516.3334350585938
000000000019,HR,2,19,cow,0.8683156967163086,87.88136291503906,155.82992553710938,579.3292236328125,398.2515563964844
000000000019,HR,2,19,cow,0.8529536128044128,239.91439819335938,136.80703735351562,414.5365905761719,209.82278442382812
000000000019,Bicubic,2,19,cow,0.8999523520469666,101.26976013183594,152.42698669433594,566.3756103515625,400.274658203125
000000000019,Bicubic,2,19,cow,0.7564084529876709,241.2446746826172,135.7858428955078,416.76702880859375,210.0452117919922
000000000019,SRCNN_x4_V4,2,19,cow,0.8826719522476196,97.558349609375,151.89793395996094,566.3514404296875,399.7203369140625
000000000019,SRCNN_x4_V4,2,19,cow,0.7646113634109497,241.81570434570312,135.92160034179688,415.5488586425781,209.69461059570312
000000000019,SRCNN_x4_Adaptive,2,19,cow,0.8894193768501282,99.8851318359375,151.9308319091797,566.291748046875,399.74688720703125
000000000019,SRCNN_x4_Adaptive,2,19,cow,0.7693108916282654,242.1431884765625,136.00376892089844,415.48779296875,209.7227020263672
000000000019,3Region_Base,2,19,cow,0.8773953914642334,95.16827392578125,152.584716796875,566.8797607421875,399.57647705078125
000000000019,3Region_Base,2,19,cow,0.8220089673995972,241.37159729003906,135.92892456054688,415.595703125,208.68698120117188
000000000019,3Region_Edge12,2,19,cow,0.8794552087783813,94.92584228515625,152.4822998046875,566.7901611328125,399.65350341796875
000000000019,3Region_Edge12,2,19,cow,0.818734347820282,241.26382446289062,135.94674682617188,415.6175842285156,209.08035278320312
000000000019,3Region_Thr1035,2,19,cow,0.8845921158790588,96.59844970703125,152.6865234375,566.6829833984375,399.41943359375
000000000019,3Region_Thr1035,2,19,cow,0.8241775631904602,241.41285705566406,136.03298950195312,415.6168212890625,209.09207153320312
000000000019,3Region_Thr2055_Edge12,2,19,cow,0.8842878341674805,95.29571533203125,152.4616241455078,566.289306640625,399.89654541015625
000000000019,3Region_Thr2055_Edge12,2,19,cow,0.8149133324623108,241.209716796875,136.03619384765625,415.575927734375,209.16778564453125
000000000057,HR,3,0,person,0.9075217247009277,370.66156005859375,39.279449462890625,518.40966796875,407.09173583984375
000000000057,HR,3,32,sports ball,0.8665955066680908,136.65969848632812,190.091796875,154.51254272460938,206.59844970703125
000000000057,HR,3,38,tennis racket,0.861285924911499,485.529541015625,161.09213256835938,577.181640625,213.6668701171875
000000000057,Bicubic,3,0,person,0.9045830965042114,369.95318603515625,38.368804931640625,516.332275390625,407.6327209472656
000000000057,Bicubic,3,38,tennis racket,0.8984131217002869,483.539794921875,160.00059509277344,577.6568603515625,215.1898651123047
000000000057,Bicubic,3,32,sports ball,0.7700421214103699,135.18325805664062,187.95648193359375,155.48251342773438,207.2916259765625
000000000057,SRCNN_x4_V4,3,0,person,0.9097201824188232,369.83905029296875,38.273345947265625,517.9816284179688,407.83099365234375
000000000057,SRCNN_x4_V4,3,38,tennis racket,0.8664844036102295,490.3900146484375,159.7626953125,577.9058837890625,215.8194580078125
000000000057,SRCNN_x4_V4,3,32,sports ball,0.8038772940635681,134.91561889648438,187.70150756835938,156.06015014648438,207.21871948242188
000000000057,SRCNN_x4_Adaptive,3,0,person,0.9091798663139343,369.6505126953125,38.22509765625,517.8145141601562,407.861572265625
000000000057,SRCNN_x4_Adaptive,3,38,tennis racket,0.8701909780502319,489.4794616699219,159.6723175048828,577.89306640625,215.7386932373047
000000000057,SRCNN_x4_Adaptive,3,32,sports ball,0.8060293197631836,134.81561279296875,187.52932739257812,156.023681640625,207.46127319335938
000000000057,3Region_Base,3,0,person,0.9022960662841797,369.58660888671875,38.09576416015625,515.4852905273438,408.0443115234375
000000000057,3Region_Base,3,38,tennis racket,0.8787496089935303,488.1867980957031,159.50332641601562,578.074951171875,215.8323974609375
000000000057,3Region_Base,3,32,sports ball,0.8061394095420837,134.91650390625,187.9212188720703,155.76910400390625,207.06773376464844
000000000057,3Region_Edge12,3,0,person,0.9048024415969849,369.548583984375,38.22723388671875,516.1083984375,408.09600830078125
000000000057,3Region_Edge12,3,38,tennis racket,0.8806519508361816,489.0976867675781,159.54510498046875,578.090087890625,215.9013671875
000000000057,3Region_Edge12,3,32,sports ball,0.8004538416862488,134.88165283203125,187.67294311523438,155.898193359375,207.63885498046875
000000000057,3Region_Thr1035,3,0,person,0.9015035033226013,369.79766845703125,38.388671875,516.6762084960938,407.39007568359375
000000000057,3Region_Thr1035,3,38,tennis racket,0.8786782622337341,485.0873718261719,159.39932250976562,578.0634765625,215.59237670898438
000000000057,3Region_Thr1035,3,32,sports ball,0.8003211617469788,134.83807373046875,187.58343505859375,155.73587036132812,207.417724609375
000000000057,3Region_Thr2055_Edge12,3,0,person,0.9035897254943848,369.68359375,38.53802490234375,516.1854248046875,407.5845947265625
000000000057,3Region_Thr2055_Edge12,3,38,tennis racket,0.8892188668251038,488.28643798828125,159.3341522216797,577.9796752929688,215.94557189941406
000000000057,3Region_Thr2055_Edge12,3,32,sports ball,0.8084179759025574,134.91644287109375,187.74172973632812,156.12164306640625,207.70474243164062
000000000063,HR,4,0,person,0.937942385673523,70.98987579345703,100.4527587890625,283.52294921875,367.29681396484375
000000000063,HR,4,0,person,0.9196287393569946,302.387451171875,109.75057983398438,391.7542724609375,325.2684326171875
000000000063,HR,4,32,sports ball,0.4895975589752197,533.6243896484375,71.03102111816406,553.8260498046875,83.94871520996094
000000000063,HR,4,34,baseball bat,0.43541690707206726,50.23955154418945,116.25190734863281,100.46635437011719,167.74058532714844
000000000063,Bicubic,4,0,person,0.9357612133026123,68.11752319335938,100.03533935546875,283.8345642089844,369.29931640625
000000000063,Bicubic,4,0,person,0.9113712310791016,301.25604248046875,110.25918579101562,392.076416015625,326.97882080078125
000000000063,Bicubic,4,32,sports ball,0.4056801199913025,533.13720703125,70.05747985839844,554.0596923828125,84.02902221679688
000000000063,Bicubic,4,34,baseball bat,0.36066386103630066,49.99019241333008,115.5032958984375,99.33134460449219,169.46627807617188
000000000063,SRCNN_x4_V4,4,0,person,0.9346409440040588,68.84536743164062,99.82501220703125,283.94549560546875,369.57623291015625
000000000063,SRCNN_x4_V4,4,0,person,0.9098122119903564,302.18023681640625,110.18677520751953,392.54217529296875,327.25262451171875
000000000063,SRCNN_x4_V4,4,32,sports ball,0.33416277170181274,533.06884765625,70.34834289550781,554.0240478515625,83.96807861328125
000000000063,SRCNN_x4_V4,4,34,baseball bat,0.2877863645553589,49.764766693115234,115.29766845703125,104.7200927734375,173.13665771484375
000000000063,SRCNN_x4_Adaptive,4,0,person,0.934436559677124,68.6708984375,99.84359741210938,283.93597412109375,369.694580078125
000000000063,SRCNN_x4_Adaptive,4,0,person,0.905795156955719,301.63262939453125,109.91095733642578,392.58306884765625,327.514892578125
000000000063,SRCNN_x4_Adaptive,4,32,sports ball,0.3413091003894806,533.2113647460938,70.25091552734375,554.1582641601562,84.01324462890625
000000000063,SRCNN_x4_Adaptive,4,34,baseball bat,0.28514736890792847,49.70257568359375,115.19896697998047,103.5994873046875,172.51434326171875
000000000063,3Region_Base,4,0,person,0.93220055103302,67.91182708740234,99.89761352539062,283.9519958496094,369.6582336425781
000000000063,3Region_Base,4,0,person,0.9052539467811584,301.62738037109375,110.14413452148438,393.011962890625,327.4476318359375
000000000063,3Region_Base,4,32,sports ball,0.3667566180229187,533.6019897460938,70.31270599365234,554.0303344726562,83.78108978271484
000000000063,3Region_Base,4,34,baseball bat,0.2925524115562439,49.6295280456543,115.04353332519531,101.01414489746094,170.41346740722656
000000000063,3Region_Edge12,4,0,person,0.9324381351470947,68.04791259765625,99.9168701171875,283.974365234375,369.77960205078125
000000000063,3Region_Edge12,4,0,person,0.9039126634597778,301.8155517578125,110.1968002319336,393.013671875,327.5239562988281
000000000063,3Region_Edge12,4,32,sports ball,0.3557646870613098,533.4971313476562,70.29765319824219,553.9181518554688,83.73942565917969
000000000063,3Region_Edge12,4,34,baseball bat,0.29924440383911133,49.60649871826172,114.9617919921875,101.41043853759766,170.61956787109375
000000000063,3Region_Thr1035,4,0,person,0.9319697022438049,67.76447296142578,99.98126220703125,284.16021728515625,369.6486511230469
000000000063,3Region_Thr1035,4,0,person,0.907191276550293,301.5209655761719,110.18594360351562,392.7601013183594,327.35455322265625
000000000063,3Region_Thr1035,4,32,sports ball,0.3648560345172882,533.3028564453125,70.33935546875,554.2064208984375,84.21131896972656
000000000063,3Region_Thr1035,4,34,baseball bat,0.3105759620666504,49.55317306518555,114.96308135986328,101.24656677246094,170.3492431640625
000000000063,3Region_Thr2055_Edge12,4,0,person,0.9344305396080017,68.93445587158203,100.04580688476562,283.98663330078125,369.53338623046875
000000000063,3Region_Thr2055_Edge12,4,0,person,0.9028409123420715,301.47955322265625,110.19781494140625,393.00250244140625,327.4222717285156
000000000063,3Region_Thr2055_Edge12,4,32,sports ball,0.41295522451400757,533.4315795898438,70.26982116699219,553.9556274414062,83.94419860839844
000000000063,3Region_Thr2055_Edge12,4,34,baseball bat,0.33929353952407837,49.56297302246094,115.09591674804688,101.21701049804688,170.41375732421875
000000000069,HR,9,0,person,0.8477832078933716,377.305419921875,98.24127197265625,601.97119140625,424.1202392578125
000000000069,HR,9,40,wine glass,0.8414456248283386,272.67425537109375,192.37875366210938,305.47467041015625,282.6767272949219
000000000069,HR,9,0,person,0.8337594270706177,159.7235870361328,34.21820068359375,353.00653076171875,267.4776916503906
000000000069,HR,9,0,person,0.8184884786605835,0.0,103.22885131835938,229.8647918701172,423.5729675292969
000000000069,HR,9,40,wine glass,0.779802143573761,148.117431640625,239.26632690429688,191.32952880859375,337.3923034667969
000000000069,HR,9,40,wine glass,0.7630258202552795,334.710205078125,168.55764770507812,365.2020263671875,246.19049072265625
000000000069,HR,9,0,person,0.7196329832077026,428.658935546875,29.0423583984375,511.3499755859375,232.26876831054688
000000000069,HR,9,60,dining table,0.30343809723854065,38.0716552734375,220.45977783203125,394.18572998046875,422.13104248046875
000000000069,HR,9,63,laptop,0.2786688804626465,334.39337158203125,64.46575927734375,396.4459228515625,122.71963500976562
000000000069,Bicubic,10,0,person,0.8714149594306946,159.63748168945312,34.479957580566406,347.19873046875,265.6656188964844
000000000069,Bicubic,10,0,person,0.839331328868866,374.52813720703125,97.68316650390625,595.1725463867188,423.58282470703125
000000000069,Bicubic,10,40,wine glass,0.8302144408226013,147.2711944580078,242.2275390625,193.3508758544922,337.71221923828125
000000000069,Bicubic,10,40,wine glass,0.8007184863090515,271.047607421875,194.01275634765625,305.22442626953125,284.396728515625
000000000069,Bicubic,10,0,person,0.6650388836860657,425.46893310546875,29.36761474609375,511.42864990234375,246.88088989257812
000000000069,Bicubic,10,0,person,0.4971230924129486,0.0,104.34820556640625,229.9412841796875,422.91851806640625
000000000069,Bicubic,10,56,chair,0.4641059339046478,0.182525634765625,316.11669921875,230.17550659179688,423.6881103515625
000000000069,Bicubic,10,40,wine glass,0.42763039469718933,341.5863037109375,172.11338806152344,365.186767578125,237.92747497558594
000000000069,Bicubic,10,60,dining table,0.3341268301010132,13.1466064453125,209.37181091308594,413.74884033203125,422.72021484375
000000000069,Bicubic,10,40,wine glass,0.2608894407749176,147.44317626953125,249.40829467773438,181.1539306640625,337.1105041503906
000000000069,SRCNN_x4_V4,10,0,person,0.8671947121620178,159.93145751953125,34.65093994140625,346.9827880859375,266.3262939453125
000000000069,SRCNN_x4_V4,10,40,wine glass,0.8585931658744812,147.076416015625,242.134521484375,194.19940185546875,337.56689453125
000000000069,SRCNN_x4_V4,10,0,person,0.8493378162384033,374.7314453125,98.48822021484375,592.2747802734375,423.53887939453125
000000000069,SRCNN_x4_V4,10,40,wine glass,0.8012251853942871,271.3223876953125,193.04556274414062,305.627197265625,284.9103088378906
000000000069,SRCNN_x4_V4,10,0,person,0.62282794713974,425.7275085449219,29.10767364501953,511.1082458496094,246.3514404296875
000000000069,SRCNN_x4_V4,10,0,person,0.5716215372085571,0.0,104.90132141113281,230.75314331054688,423.99603271484375
000000000069,SRCNN_x4_V4,10,56,chair,0.4763469099998474,0.113922119140625,316.26318359375,230.53628540039062,424.3250732421875
000000000069,SRCNN_x4_V4,10,40,wine glass,0.4184981882572174,341.421875,172.89634704589844,365.9129638671875,239.56117248535156
000000000069,SRCNN_x4_V4,10,60,dining table,0.3473993241786957,28.709625244140625,209.1941680908203,405.2842712402344,422.50238037109375
000000000069,SRCNN_x4_V4,10,40,wine glass,0.2579399049282074,333.5307922363281,167.321044921875,366.5768127441406,242.60113525390625
000000000069,SRCNN_x4_Adaptive,9,0,person,0.8693279027938843,159.98220825195312,34.629302978515625,346.10943603515625,266.4220275878906
000000000069,SRCNN_x4_Adaptive,9,40,wine glass,0.8516806364059448,147.12496948242188,242.6343536376953,194.237060546875,337.83282470703125
000000000069,SRCNN_x4_Adaptive,9,0,person,0.8424805998802185,377.1661376953125,98.49818420410156,592.4476318359375,423.5703125
000000000069,SRCNN_x4_Adaptive,9,40,wine glass,0.7943259477615356,271.6541748046875,192.84649658203125,305.576171875,284.9754638671875
000000000069,SRCNN_x4_Adaptive,9,0,person,0.644479513168335,425.5303955078125,29.21893310546875,511.1270751953125,246.632080078125
000000000069,SRCNN_x4_Adaptive,9,0,person,0.5474801063537598,0.0,104.84109497070312,230.64346313476562,424.0245056152344
000000000069,SRCNN_x4_Adaptive,9,56,chair,0.5082045197486877,0.1222991943359375,315.901123046875,230.24285888671875,424.138671875
000000000069,SRCNN_x4_Adaptive,9,40,wine glass,0.39464154839515686,341.53900146484375,172.68927001953125,365.80535888671875,238.66827392578125
000000000069,SRCNN_x4_Adaptive,9,60,dining table,0.3410432040691376,108.11866760253906,189.8336181640625,403.9996337890625,420.4219970703125
000000000069,3Region_Base,9,0,person,0.8623295426368713,159.96356201171875,35.2530517578125,349.1483154296875,267.2746887207031
000000000069,3Region_Base,9,40,wine glass,0.8584625124931335,146.77174377441406,242.06838989257812,194.04432678222656,337.6910095214844
000000000069,3Region_Base,9,0,person,0.8236070275306702,379.2425537109375,96.7965087890625,594.332275390625,423.33544921875
000000000069,3Region_Base,9,40,wine glass,0.7827403545379639,271.0345458984375,192.98553466796875,305.2283935546875,284.88812255859375
000000000069,3Region_Base,9,0,person,0.7115631699562073,0.1878662109375,104.61190795898438,230.8704071044922,422.8365173339844
000000000069,3Region_Base,9,0,person,0.6647540926933289,424.6650390625,29.351043701171875,512.3004150390625,257.046875
000000000069,3Region_Base,9,56,chair,0.38000860810279846,0.1239013671875,315.4024963378906,230.12269592285156,423.9501037597656
000000000069,3Region_Base,9,60,dining table,0.35458067059516907,117.56787109375,204.45062255859375,394.2008056640625,420.791748046875
000000000069,3Region_Base,9,40,wine glass,0.3156687915325165,333.58154296875,169.4308319091797,365.02325439453125,235.1936492919922
000000000069,3Region_Edge12,9,0,person,0.8680772185325623,159.99154663085938,35.14989471435547,348.9902648925781,267.2884521484375
000000000069,3Region_Edge12,9,40,wine glass,0.8563176989555359,146.92459106445312,242.12673950195312,194.11691284179688,337.4082946777344
000000000069,3Region_Edge12,9,0,person,0.8327881097793579,378.8099365234375,96.68963623046875,593.5386352539062,423.378173828125
000000000069,3Region_Edge12,9,40,wine glass,0.788392186164856,270.97900390625,192.94790649414062,305.3935546875,285.0425720214844
000000000069,3Region_Edge12,9,0,person,0.7592487335205078,0.169036865234375,104.55726623535156,231.11672973632812,422.815185546875
000000000069,3Region_Edge12,9,0,person,0.6465549468994141,425.351318359375,29.002708435058594,511.092041015625,247.59408569335938
000000000069,3Region_Edge12,9,56,chair,0.3852030336856842,0.1109771728515625,315.3087158203125,230.07952880859375,424.0181884765625
000000000069,3Region_Edge12,9,60,dining table,0.34746605157852173,119.05615234375,204.3628387451172,392.80023193359375,420.72662353515625
000000000069,3Region_Edge12,9,40,wine glass,0.307655930519104,338.01800537109375,170.3773193359375,365.61041259765625,238.85357666015625
000000000069,3Region_Thr1035,9,0,person,0.8706715703010559,159.84646606445312,35.27099609375,348.6755676269531,267.20855712890625
000000000069,3Region_Thr1035,9,40,wine glass,0.85678631067276,146.96438598632812,241.81634521484375,194.02163696289062,337.50885009765625
000000000069,3Region_Thr1035,9,0,person,0.8397612571716309,380.50732421875,96.61720275878906,594.0881958007812,423.3843994140625
000000000069,3Region_Thr1035,9,40,wine glass,0.7639797925949097,271.22259521484375,193.78369140625,305.5482177734375,285.2275390625
000000000069,3Region_Thr1035,9,0,person,0.6635169982910156,424.12103271484375,29.310516357421875,512.2610473632812,256.6165466308594
000000000069,3Region_Thr1035,9,0,person,0.6509495973587036,0.2274932861328125,104.14898681640625,230.5048370361328,422.86920166015625
000000000069,3Region_Thr1035,9,60,dining table,0.3938797414302826,114.63461303710938,202.05123901367188,394.6182861328125,420.5700988769531
000000000069,3Region_Thr1035,9,56,chair,0.3603767156600952,0.0993194580078125,314.2332763671875,229.9727325439453,424.0672607421875
000000000069,3Region_Thr1035,9,40,wine glass,0.32848361134529114,333.78045654296875,168.97879028320312,364.8038330078125,236.19216918945312
000000000069,3Region_Thr2055_Edge12,9,0,person,0.8694544434547424,160.01815795898438,34.992897033691406,348.5203857421875,267.3181457519531
000000000069,3Region_Thr2055_Edge12,9,40,wine glass,0.8540765047073364,147.09066772460938,241.3662109375,194.37136840820312,337.58258056640625
000000000069,3Region_Thr2055_Edge12,9,0,person,0.8354012966156006,378.59222412109375,97.10122680664062,593.57568359375,423.3151550292969
000000000069,3Region_Thr2055_Edge12,9,0,person,0.8084444999694824,0.1984405517578125,104.50593566894531,231.2322998046875,422.98968505859375
000000000069,3Region_Thr2055_Edge12,9,40,wine glass,0.7903405427932739,271.17236328125,193.50680541992188,305.4686279296875,285.07818603515625
000000000069,3Region_Thr2055_Edge12,9,0,person,0.6628866791725159,425.33172607421875,28.937110900878906,511.2869873046875,248.01239013671875
000000000069,3Region_Thr2055_Edge12,9,56,chair,0.4032624661922455,0.082794189453125,314.66400146484375,230.10940551757812,424.23126220703125
000000000069,3Region_Thr2055_Edge12,9,60,dining table,0.3369186222553253,118.7462158203125,203.52044677734375,392.73114013671875,420.38531494140625
000000000069,3Region_Thr2055_Edge12,9,40,wine glass,0.29693254828453064,338.445556640625,171.06663513183594,365.62908935546875,230.4673614501953
000000000080,HR,3,22,zebra,0.8873862624168396,326.1681213378906,70.37725830078125,453.8652648925781,330.98272705078125
000000000080,HR,3,22,zebra,0.6554057598114014,0.0,105.10100555419922,41.77033233642578,325.385009765625
000000000080,HR,3,22,zebra,0.2525131404399872,0.035907745361328125,104.67557525634766,41.50941848754883,198.58352661132812
000000000080,Bicubic,1,16,dog,0.7571322321891785,325.49090576171875,71.55865478515625,451.84759521484375,328.44573974609375
000000000080,SRCNN_x4_V4,1,16,dog,0.6567104458808899,325.2353515625,72.45074462890625,452.9508056640625,326.1888732910156
000000000080,SRCNN_x4_Adaptive,1,16,dog,0.6916172504425049,325.58050537109375,72.55258178710938,452.90667724609375,322.95263671875
000000000080,3Region_Base,1,16,dog,0.8549709320068359,325.04351806640625,71.9542236328125,451.74114990234375,334.7855529785156
000000000080,3Region_Edge12,1,16,dog,0.8573225736618042,325.04888916015625,72.04425048828125,451.78778076171875,337.72943115234375
000000000080,3Region_Thr1035,1,16,dog,0.8498200178146362,324.8778381347656,72.02175903320312,451.1912536621094,334.46319580078125
000000000080,3Region_Thr2055_Edge12,1,16,dog,0.8398255705833435,325.0509033203125,72.11053466796875,451.90924072265625,334.77484130859375
000000000090,HR,1,19,cow,0.6801227331161499,234.00323486328125,353.1072998046875,306.10565185546875,415.7509765625
000000000090,Bicubic,1,19,cow,0.8813033103942871,233.98324584960938,353.86444091796875,306.1752624511719,415.9453125
000000000090,SRCNN_x4_V4,1,19,cow,0.8962326645851135,233.78782653808594,353.76556396484375,306.35595703125,415.9217529296875
000000000090,SRCNN_x4_Adaptive,1,19,cow,0.8893569111824036,233.7989959716797,353.6483154296875,306.35943603515625,415.8243408203125
000000000090,3Region_Base,1,19,cow,0.8748656511306763,233.6307373046875,353.51397705078125,306.43310546875,415.87469482421875
000000000090,3Region_Edge12,1,19,cow,0.8809141516685486,233.74478149414062,353.4402160644531,306.4169006347656,415.9577941894531
000000000090,3Region_Thr1035,1,19,cow,0.8857554197311401,233.5874481201172,353.25970458984375,306.29925537109375,415.86199951171875
000000000090,3Region_Thr2055_Edge12,1,19,cow,0.8780654668807983,233.65985107421875,353.42755126953125,306.414306640625,416.03070068359375
000000000106,HR,2,14,bird,0.5595892071723938,20.342697143554688,92.487548828125,494.55645751953125,377.00640869140625
000000000106,HR,2,29,frisbee,0.4771406054496765,10.614715576171875,55.75126647949219,300.1878662109375,118.45872497558594
000000000106,Bicubic,2,16,dog,0.8573887348175049,10.93231201171875,92.12319946289062,493.57122802734375,384.1863708496094
000000000106,Bicubic,2,29,frisbee,0.5687398314476013,9.122222900390625,54.36503601074219,299.12841796875,116.83242797851562
000000000106,SRCNN_x4_V4,2,16,dog,0.8888806700706482,9.141448974609375,88.25531005859375,495.75372314453125,393.37286376953125
000000000106,SRCNN_x4_V4,2,29,frisbee,0.4928533136844635,9.031707763671875,55.497161865234375,298.8071594238281,118.68887329101562
000000000106,SRCNN_x4_Adaptive,2,16,dog,0.8900429606437683,9.28802490234375,89.52334594726562,495.2008056640625,399.6542053222656
000000000106,SRCNN_x4_Adaptive,2,29,frisbee,0.44625577330589294,8.92474365234375,55.33644104003906,299.12347412109375,118.99404907226562
000000000106,3Region_Base,3,16,dog,0.844211220741272,8.4627685546875,88.935546875,493.59332275390625,394.7076416015625
000000000106,3Region_Base,3,29,frisbee,0.3897175192832947,337.470703125,313.63568115234375,639.6092529296875,419.8621826171875
000000000106,3Region_Base,3,29,frisbee,0.3604704737663269,8.756988525390625,54.879058837890625,298.9012451171875,118.78762817382812
000000000106,3Region_Edge12,3,16,dog,0.8451066613197327,7.59759521484375,89.54998779296875,492.9031677246094,393.53350830078125
000000000106,3Region_Edge12,3,29,frisbee,0.3637814223766327,8.5118408203125,54.862091064453125,299.3245849609375,118.92294311523438
000000000106,3Region_Edge12,3,29,frisbee,0.31435126066207886,337.11810302734375,313.7445373535156,639.5700073242188,419.8025817871094
000000000106,3Region_Thr1035,3,16,dog,0.8723421692848206,8.4439697265625,88.45382690429688,494.24481201171875,396.1424560546875
000000000106,3Region_Thr1035,3,29,frisbee,0.4875696301460266,337.486572265625,313.83489990234375,639.599365234375,419.87799072265625
000000000106,3Region_Thr1035,3,29,frisbee,0.3794988691806793,9.00933837890625,54.216064453125,299.62481689453125,118.19937133789062
000000000106,3Region_Thr2055_Edge12,2,16,dog,0.8396821022033691,8.182586669921875,88.82522583007812,491.78204345703125,393.4874267578125
000000000106,3Region_Thr2055_Edge12,2,29,frisbee,0.31055569648742676,8.739898681640625,54.157562255859375,299.72540283203125,117.80453491210938
000000000108,HR,1,6,train,0.9487762451171875,200.18130493164062,161.23867797851562,440.3534851074219,365.8144836425781
000000000108,Bicubic,1,6,train,0.9107041358947754,201.10665893554688,160.73501586914062,442.2924499511719,367.9720153808594
000000000108,SRCNN_x4_V4,1,6,train,0.9145334959030151,201.30006408691406,160.4381103515625,442.33056640625,367.4700927734375
000000000108,SRCNN_x4_Adaptive,1,6,train,0.9154486060142517,201.19387817382812,160.3123779296875,442.1698303222656,368.4288330078125
000000000108,3Region_Base,1,6,train,0.9147062301635742,200.8423614501953,160.2814483642578,442.07537841796875,368.88201904296875
000000000108,3Region_Edge12,1,6,train,0.9109830260276794,200.93170166015625,160.31712341308594,442.22540283203125,369.2874755859375
000000000108,3Region_Thr1035,1,6,train,0.9136438965797424,200.8936767578125,160.30979919433594,442.1240234375,367.8623046875
000000000108,3Region_Thr2055_Edge12,1,6,train,0.9082106947898865,200.9322509765625,160.18408203125,442.37835693359375,370.1734619140625
000000000128,HR,1,20,elephant,0.8801156282424927,107.3718490600586,51.48228454589844,354.4328918457031,489.2734375
000000000128,Bicubic,2,37,surfboard,0.670491099357605,78.23342895507812,468.1734619140625,421.3338928222656,573.8956298828125
000000000128,Bicubic,2,20,elephant,0.6323162913322449,110.07807159423828,48.3133544921875,355.24267578125,490.9287109375
000000000128,SRCNN_x4_V4,2,20,elephant,0.6278588771820068,109.68878173828125,50.843292236328125,355.2716064453125,494.3560485839844
000000000128,SRCNN_x4_V4,2,37,surfboard,0.5545175671577454,74.944091796875,469.37188720703125,420.79302978515625,574.6947631835938
000000000128,SRCNN_x4_Adaptive,2,20,elephant,0.6465181112289429,109.59143829345703,50.677520751953125,355.47113037109375,494.1074523925781
000000000128,SRCNN_x4_Adaptive,2,37,surfboard,0.590058445930481,74.9027099609375,469.4938659667969,420.8555908203125,574.724853515625
000000000128,3Region_Base,2,20,elephant,0.5395228862762451,109.5474624633789,50.711639404296875,355.0190734863281,495.0234680175781
000000000128,3Region_Base,2,37,surfboard,0.4842938184738159,73.86689758300781,469.182373046875,420.73260498046875,575.9429931640625
000000000128,3Region_Edge12,2,37,surfboard,0.5829452872276306,74.19715881347656,469.3548278808594,420.944580078125,576.0189208984375
000000000128,3Region_Edge12,2,20,elephant,0.581041157245636,109.26199340820312,50.61436462402344,354.21417236328125,493.93408203125
000000000128,3Region_Thr1035,2,20,elephant,0.5149148106575012,108.99472045898438,50.68669128417969,355.0036315917969,495.75640869140625
000000000128,3Region_Thr1035,2,37,surfboard,0.4102771580219269,73.98069763183594,469.81512451171875,420.947265625,575.7805786132812
000000000128,3Region_Thr2055_Edge12,2,20,elephant,0.6041184663772583,109.40069580078125,50.70379638671875,354.8559875488281,494.070068359375
000000000128,3Region_Thr2055_Edge12,2,37,surfboard,0.6017194390296936,74.11195373535156,469.261474609375,420.9056396484375,575.6910400390625
000000000155,HR,2,77,teddy bear,0.813220739364624,62.23193359375,0.0,596.35888671875,418.8172912597656
000000000155,HR,2,77,teddy bear,0.34769967198371887,392.42144775390625,184.76275634765625,608.0294799804688,412.21746826171875
000000000155,Bicubic,1,77,teddy bear,0.9186251163482666,60.3028564453125,0.0,605.026611328125,418.0511779785156
000000000155,SRCNN_x4_V4,1,77,teddy bear,0.9072057604789734,60.84991455078125,0.0,607.4893798828125,418.2520446777344
000000000155,SRCNN_x4_Adaptive,1,77,teddy bear,0.9094865918159485,61.73907470703125,0.0,608.034912109375,418.1715087890625
000000000155,3Region_Base,1,77,teddy bear,0.9197205901145935,63.52618408203125,0.0,609.9640502929688,418.4917907714844
000000000155,3Region_Edge12,1,77,teddy bear,0.9188694357872009,62.7528076171875,0.0,608.8905029296875,418.4720153808594
000000000155,3Region_Thr1035,1,77,teddy bear,0.9172278046607971,61.0123291015625,0.0,612.277099609375,418.58026123046875
000000000155,3Region_Thr2055_Edge12,1,77,teddy bear,0.9167453050613403,62.82568359375,0.0,607.51220703125,418.624755859375
000000000161,HR,4,50,broccoli,0.6795535683631897,353.30548095703125,1.69427490234375,608.0283813476562,329.151123046875
000000000161,HR,4,42,fork,0.6787755489349365,426.9232482910156,304.75604248046875,639.1685791015625,388.37799072265625
000000000161,HR,4,51,carrot,0.3809770941734314,153.68045043945312,69.89718627929688,262.7918701171875,305.99139404296875
000000000161,HR,4,60,dining table,0.2999914586544037,0.0,0.2996826171875,623.7372436523438,464.5854187011719
000000000161,Bicubic,3,50,broccoli,0.7242597937583923,355.45465087890625,2.4722900390625,609.0604858398438,328.91302490234375
000000000161,Bicubic,3,50,broccoli,0.39334574341773987,447.57562255859375,116.531494140625,607.5990600585938,330.1766662597656
000000000161,Bicubic,3,60,dining table,0.27118968963623047,0.03204345703125,1.1365966796875,622.5889892578125,480.0
000000000161,SRCNN_x4_V4,3,50,broccoli,0.764631450176239,355.44744873046875,2.306671142578125,609.5418090820312,330.5249938964844
000000000161,SRCNN_x4_V4,3,50,broccoli,0.33707088232040405,446.87542724609375,117.06442260742188,608.0072631835938,331.0194396972656
000000000161,SRCNN_x4_V4,3,60,dining table,0.2960571348667145,0.62890625,1.0506591796875,623.5736083984375,480.0
000000000161,SRCNN_x4_Adaptive,3,50,broccoli,0.7610055804252625,355.585693359375,2.2294921875,609.7635498046875,330.4251708984375
000000000161,SRCNN_x4_Adaptive,3,50,broccoli,0.36122825741767883,447.134521484375,116.3055419921875,608.218017578125,330.958251953125
000000000161,SRCNN_x4_Adaptive,3,60,dining table,0.2943785488605499,0.58404541015625,1.11328125,623.9652099609375,480.0
000000000161,3Region_Base,3,50,broccoli,0.6840164661407471,356.078125,2.2236328125,609.2978515625,330.09271240234375
000000000161,3Region_Base,3,50,broccoli,0.3512634336948395,447.54388427734375,115.4595947265625,608.3036499023438,331.4725036621094
000000000161,3Region_Base,3,60,dining table,0.32912972569465637,0.277587890625,0.796844482421875,623.8548583984375,480.0
000000000161,3Region_Edge12,3,50,broccoli,0.664577305316925,356.1219482421875,2.21826171875,609.3307495117188,330.12847900390625
000000000161,3Region_Edge12,3,50,broccoli,0.35743775963783264,446.89215087890625,113.65200805664062,609.0095825195312,331.46893310546875
000000000161,3Region_Edge12,3,60,dining table,0.3247555196285248,0.20916748046875,0.800445556640625,624.1239624023438,480.0
000000000161,3Region_Thr1035,3,50,broccoli,0.6925588250160217,356.24591064453125,2.2322998046875,609.3089599609375,330.39892578125
000000000161,3Region_Thr1035,3,50,broccoli,0.361132949590683,447.17816162109375,114.0971908569336,608.4691772460938,331.6275939941406
000000000161,3Region_Thr1035,3,60,dining table,0.3180164396762848,0.139404296875,0.86737060546875,624.044921875,480.0
000000000161,3Region_Thr2055_Edge12,3,50,broccoli,0.6809842586517334,356.05633544921875,2.2867431640625,609.2581176757812,330.21795654296875
000000000161,3Region_Thr2055_Edge12,3,50,broccoli,0.35335490107536316,445.8860168457031,113.18618774414062,608.948486328125,331.7121276855469
000000000161,3Region_Thr2055_Edge12,3,60,dining table,0.3219408392906189,0.2269287109375,0.79608154296875,623.5048828125,480.0
000000000171,HR,2,27,tie,0.9253118634223938,137.81588745117188,245.1327362060547,176.36424255371094,375.8397216796875
000000000171,HR,2,0,person,0.8814308047294617,4.3068647384643555,41.522457122802734,344.07904052734375,373.60406494140625
000000000171,Bicubic,2,0,person,0.8670146465301514,1.391768455505371,37.179710388183594,342.30462646484375,377.5743103027344
000000000171,Bicubic,2,27,tie,0.8465501666069031,138.34234619140625,243.59222412109375,175.00125122070312,376.8203430175781
000000000171,SRCNN_x4_V4,3,27,tie,0.8718322515487671,138.18325805664062,242.69979858398438,177.08335876464844,376.02923583984375
000000000171,SRCNN_x4_V4,3,0,person,0.8629385828971863,1.2868642807006836,36.629154205322266,340.443603515625,383.56671142578125
000000000171,SRCNN_x4_V4,3,27,tie,0.3412550091743469,189.3336944580078,148.37124633789062,277.67596435546875,194.7733612060547
000000000171,SRCNN_x4_Adaptive,3,27,tie,0.875801682472229,138.12237548828125,243.5050048828125,176.80282592773438,375.97637939453125
000000000171,SRCNN_x4_Adaptive,3,0,person,0.8651204705238342,1.3623714447021484,35.95428466796875,341.1047668457031,382.5776672363281
000000000171,SRCNN_x4_Adaptive,3,27,tie,0.3222852349281311,189.89437866210938,148.68359375,272.68048095703125,195.18190002441406
000000000171,3Region_Base,3,27,tie,0.856941819190979,138.49224853515625,243.0677032470703,177.6320343017578,376.81585693359375
000000000171,3Region_Base,3,0,person,0.854475736618042,0.0055789947509765625,31.60715103149414,342.20416259765625,386.37420654296875
000000000171,3Region_Base,3,27,tie,0.30962416529655457,190.24111938476562,149.25213623046875,262.7735595703125,193.98056030273438
000000000171,3Region_Edge12,3,0,person,0.8597024083137512,0.04620552062988281,31.551612854003906,342.0826110839844,383.8812561035156
000000000171,3Region_Edge12,3,27,tie,0.8520258069038391,138.5395965576172,243.6903533935547,177.6812286376953,376.6879577636719
000000000171,3Region_Edge12,3,27,tie,0.2522919178009033,190.34046936035156,148.98507690429688,263.3646545410156,193.771728515625
000000000171,3Region_Thr1035,3,0,person,0.8628405332565308,0.543522834777832,32.327606201171875,342.7657165527344,385.4606628417969
000000000171,3Region_Thr1035,3,27,tie,0.8518201112747192,138.48580932617188,242.8938446044922,177.97341918945312,376.62310791015625
000000000171,3Region_Thr1035,3,27,tie,0.4469548761844635,190.31629943847656,148.89666748046875,264.0345764160156,194.36343383789062
000000000171,3Region_Thr2055_Edge12,3,0,person,0.8654819130897522,0.0,32.31804275512695,340.9646911621094,382.3737487792969
000000000171,3Region_Thr2055_Edge12,3,27,tie,0.8455449342727661,138.61573791503906,244.040283203125,177.81643676757812,376.43994140625
000000000171,3Region_Thr2055_Edge12,3,27,tie,0.379977285861969,189.8151092529297,149.39781188964844,262.6805725097656,193.83184814453125
000000000178,HR,2,3,motorcycle,0.8811242580413818,296.59185791015625,109.88885498046875,640.0,440.97210693359375
000000000178,HR,2,3,motorcycle,0.686668872833252,253.55043029785156,130.41864013671875,390.459228515625,302.2060546875
000000000178,Bicubic,2,3,motorcycle,0.7932906746864319,295.60186767578125,146.77542114257812,639.6629028320312,438.5919494628906
000000000178,Bicubic,2,3,motorcycle,0.5400850176811218,253.457763671875,135.45962524414062,391.7003173828125,302.0135192871094
000000000178,SRCNN_x4_V4,2,3,motorcycle,0.8044610619544983,295.7894287109375,150.2294464111328,639.8717041015625,439.35333251953125
000000000178,SRCNN_x4_V4,2,3,motorcycle,0.5985726118087769,253.4960174560547,134.32278442382812,392.86761474609375,304.0204162597656
000000000178,SRCNN_x4_Adaptive,2,3,motorcycle,0.8055943250656128,295.6287841796875,151.17066955566406,639.8866577148438,439.464599609375
000000000178,SRCNN_x4_Adaptive,2,3,motorcycle,0.6208520531654358,253.50584411621094,134.04815673828125,393.4261474609375,304.1116943359375
000000000178,3Region_Base,2,3,motorcycle,0.8261255621910095,294.967041015625,146.599853515625,640.0,441.15228271484375
000000000178,3Region_Base,2,3,motorcycle,0.47947922348976135,253.2478485107422,132.78604125976562,393.20379638671875,303.9632568359375
000000000178,3Region_Edge12,2,3,motorcycle,0.8234336972236633,295.1168212890625,145.41851806640625,640.0,441.100341796875
000000000178,3Region_Edge12,2,3,motorcycle,0.46950918436050415,253.32894897460938,132.72781372070312,393.0910339355469,303.89239501953125
000000000178,3Region_Thr1035,2,3,motorcycle,0.8344188332557678,295.74517822265625,148.78590393066406,639.849365234375,439.283935546875
000000000178,3Region_Thr1035,2,3,motorcycle,0.5184030532836914,253.3345947265625,132.88311767578125,392.90789794921875,304.1669006347656
000000000178,3Region_Thr2055_Edge12,2,3,motorcycle,0.825096070766449,295.84100341796875,150.25987243652344,639.8780517578125,440.53466796875
000000000178,3Region_Thr2055_Edge12,2,3,motorcycle,0.47539353370666504,253.41099548339844,133.19683837890625,392.8436279296875,303.6442565917969
000000000180,HR,1,21,bear,0.9472744464874268,40.82275390625,9.77435302734375,532.114990234375,388.46478271484375
000000000180,Bicubic,1,21,bear,0.30090004205703735,29.53253173828125,18.13824462890625,529.6080322265625,386.7265625
000000000180,SRCNN_x4_V4,2,21,bear,0.3399142622947693,26.702011108398438,17.758026123046875,530.22314453125,388.69921875
000000000180,SRCNN_x4_V4,2,18,sheep,0.268028199672699,24.63323974609375,16.60357666015625,529.5601806640625,387.48846435546875
000000000180,SRCNN_x4_Adaptive,1,21,bear,0.3830246031284332,25.26531982421875,17.96197509765625,530.29052734375,388.3179931640625
000000000180,3Region_Base,1,21,bear,0.5070635080337524,28.957290649414062,17.549560546875,530.5936279296875,389.2132568359375
000000000180,3Region_Edge12,1,21,bear,0.5316035747528076,29.06854248046875,17.629150390625,530.6304321289062,388.5201416015625
000000000180,3Region_Thr1035,1,21,bear,0.45572522282600403,29.28570556640625,17.61083984375,530.5484008789062,389.33477783203125
000000000180,3Region_Thr2055_Edge12,1,21,bear,0.5528081059455872,29.15423583984375,17.4593505859375,530.7109375,387.7452087402344
000000000183,HR,5,39,bottle,0.8857108354568481,77.77698516845703,17.524873733520508,141.97523498535156,164.34872436523438
000000000183,HR,5,60,dining table,0.8652468323707581,0.14410018920898438,16.798067092895508,498.93896484375,332.0
000000000183,HR,5,40,wine glass,0.8181970119476318,244.6508026123047,50.6419677734375,316.68402099609375,171.2571258544922
000000000183,HR,5,39,bottle,0.641288697719574,4.091245174407959,0.28668642044067383,82.04229736328125,126.03092193603516
000000000183,HR,5,41,cup,0.28161826729774475,47.341678619384766,70.48268127441406,85.233642578125,139.09698486328125
000000000183,Bicubic,4,39,bottle,0.9056864976882935,78.58131408691406,15.53504467010498,142.44569396972656,162.8185577392578
000000000183,Bicubic,4,60,dining table,0.779452919960022,0.0,25.10814666748047,498.7796325683594,330.05133056640625
000000000183,Bicubic,4,40,wine glass,0.752953052520752,244.8485870361328,50.54472351074219,318.2535705566406,154.7849884033203
000000000183,Bicubic,4,53,pizza,0.7187891006469727,166.66702270507812,148.95555114746094,342.28369140625,320.3110656738281
000000000183,SRCNN_x4_V4,4,39,bottle,0.9266303777694702,77.90174865722656,16.59437370300293,144.16197204589844,163.3996124267578
000000000183,SRCNN_x4_V4,4,53,pizza,0.7964123487472534,165.81675720214844,149.03660583496094,342.3580627441406,320.8052673339844
000000000183,SRCNN_x4_V4,4,60,dining table,0.7483195662498474,0.0,16.828298568725586,499.56170654296875,330.5618896484375
000000000183,SRCNN_x4_V4,4,40,wine glass,0.5577421188354492,244.0727081298828,51.14154815673828,318.2287902832031,154.45599365234375
000000000183,SRCNN_x4_Adaptive,4,39,bottle,0.9273142218589783,77.85466003417969,16.37958335876465,143.8522186279297,163.52256774902344
000000000183,SRCNN_x4_Adaptive,4,53,pizza,0.775493323802948,164.82351684570312,149.1892852783203,342.4176025390625,320.6550598144531
000000000183,SRCNN_x4_Adaptive,4,60,dining table,0.689511775970459,0.0,20.110034942626953,499.81231689453125,330.554931640625
000000000183,SRCNN_x4_Adaptive,4,40,wine glass,0.5293506979942322,243.12591552734375,51.00355911254883,318.5299377441406,155.7924346923828
000000000183,3Region_Base,4,39,bottle,0.9155310392379761,77.83090209960938,16.204774856567383,143.95571899414062,163.11778259277344
000000000183,3Region_Base,4,53,pizza,0.7476707696914673,163.2809600830078,149.1127471923828,342.34100341796875,321.00506591796875
000000000183,3Region_Base,4,60,dining table,0.7055098414421082,0.0,13.527488708496094,499.15399169921875,330.14324951171875
000000000183,3Region_Base,4,40,wine glass,0.5043947100639343,242.93414306640625,50.69816207885742,318.68487548828125,163.65232849121094
000000000183,3Region_Edge12,4,39,bottle,0.9045261144638062,77.71403503417969,15.936970710754395,144.43099975585938,163.1064910888672
000000000183,3Region_Edge12,4,60,dining table,0.6914348602294922,0.0,13.125991821289062,499.4892272949219,330.18646240234375
000000000183,3Region_Edge12,4,53,pizza,0.6840583682060242,163.44876098632812,149.1444549560547,342.3780517578125,320.92108154296875
000000000183,3Region_Edge12,4,40,wine glass,0.5181834697723389,242.5546417236328,50.57367706298828,318.7500915527344,163.23190307617188
000000000183,3Region_Thr1035,4,39,bottle,0.9338008165359497,78.08145904541016,16.312742233276367,143.61859130859375,163.30026245117188
000000000183,3Region_Thr1035,4,60,dining table,0.7451621294021606,0.0,19.37870979309082,499.7957458496094,331.7408752441406
000000000183,3Region_Thr1035,4,53,pizza,0.7148716449737549,163.86170959472656,149.2326202392578,342.269287109375,321.0291442871094
000000000183,3Region_Thr1035,4,40,wine glass,0.473960816860199,243.6456756591797,50.88227081298828,318.99310302734375,161.3688507080078
000000000183,3Region_Thr2055_Edge12,4,39,bottle,0.9038903117179871,77.83935546875,15.996313095092773,143.89508056640625,163.0502471923828
000000000183,3Region_Thr2055_Edge12,4,60,dining table,0.6959941983222961,0.0,13.29953670501709,498.9653625488281,329.9952697753906
000000000183,3Region_Thr2055_Edge12,4,53,pizza,0.6909024119377136,163.37933349609375,149.0306854248047,342.52239990234375,320.74713134765625
000000000183,3Region_Thr2055_Edge12,4,40,wine glass,0.5453417301177979,243.263916015625,50.657188415527344,318.283935546875,163.03762817382812
000000000188,HR,2,65,remote,0.8916144967079163,372.00543212890625,91.39041137695312,639.2385864257812,304.03790283203125
000000000188,HR,2,66,keyboard,0.8422561883926392,71.77000427246094,130.4156494140625,511.8985595703125,479.224609375
000000000188,Bicubic,2,65,remote,0.9265419840812683,372.8638916015625,90.67235565185547,638.918212890625,307.130615234375
000000000188,Bicubic,2,66,keyboard,0.7868863940238953,71.37089538574219,129.99563598632812,512.9788208007812,479.1454772949219
000000000188,SRCNN_x4_V4,2,65,remote,0.9261224865913391,373.3687744140625,90.41695404052734,638.66259765625,306.3277893066406
000000000188,SRCNN_x4_V4,2,66,keyboard,0.664338231086731,68.12579345703125,130.01756286621094,509.816162109375,478.928955078125
000000000188,SRCNN_x4_Adaptive,2,65,remote,0.9278427958488464,373.45819091796875,90.4033432006836,638.6267700195312,306.8671569824219
000000000188,SRCNN_x4_Adaptive,2,66,keyboard,0.6884376406669617,68.22195434570312,130.0974578857422,511.7066955566406,479.11151123046875
000000000188,3Region_Base,2,65,remote,0.9149308204650879,371.835205078125,90.39120483398438,638.3002319335938,305.50433349609375
000000000188,3Region_Base,2,66,keyboard,0.6351924538612366,71.27177429199219,130.0940399169922,509.97735595703125,477.60699462890625
000000000188,3Region_Edge12,2,65,remote,0.9089222550392151,371.91571044921875,90.39373016357422,638.2212524414062,306.14007568359375
000000000188,3Region_Edge12,2,66,keyboard,0.6316350698471069,70.9312744140625,130.07281494140625,509.5211181640625,477.56378173828125
000000000188,3Region_Thr1035,2,65,remote,0.9315542578697205,373.25213623046875,90.30203247070312,638.53857421875,305.0876770019531
000000000188,3Region_Thr1035,2,66,keyboard,0.6068965792655945,70.71630859375,129.93719482421875,509.025634765625,477.8629150390625
000000000188,3Region_Thr2055_Edge12,2,65,remote,0.9073716402053833,371.9578857421875,90.35650634765625,638.2393798828125,305.85986328125
000000000188,3Region_Thr2055_Edge12,2,66,keyboard,0.6399000883102417,70.82916259765625,130.16139221191406,510.53302001953125,478.0552978515625
000000000191,HR,1,4,airplane,0.9001798629760742,11.2301025390625,80.58798217773438,592.8228759765625,338.09576416015625
000000000191,Bicubic,1,4,airplane,0.8779082298278809,13.5042724609375,78.68685913085938,608.243896484375,337.6995544433594
000000000191,SRCNN_x4_V4,1,4,airplane,0.88304203748703,12.213134765625,79.57052612304688,616.39697265625,343.78955078125
000000000191,SRCNN_x4_Adaptive,1,4,airplane,0.8790731430053711,11.92510986328125,79.36074829101562,616.4039306640625,344.8374328613281
000000000191,3Region_Base,1,4,airplane,0.8591740727424622,12.0455322265625,78.1455078125,616.189453125,345.11187744140625
000000000191,3Region_Edge12,1,4,airplane,0.8533713817596436,12.70379638671875,78.3232421875,615.4710083007812,345.4189453125
000000000191,3Region_Thr1035,1,4,airplane,0.8748493194580078,11.8704833984375,78.79824829101562,617.0922241210938,342.650634765625
000000000191,3Region_Thr2055_Edge12,1,4,airplane,0.854561984539032,12.45166015625,77.61572265625,612.427001953125,343.4481201171875
000000000202,HR,5,0,person,0.8755939602851868,211.14541625976562,64.40931701660156,380.3499450683594,552.418212890625
000000000202,HR,5,27,tie,0.7662860155105591,276.0997314453125,145.2657928466797,298.46484375,223.8658905029297
000000000202,HR,5,27,tie,0.720207154750824,116.41912841796875,167.96737670898438,144.035400390625,237.88397216796875
000000000202,HR,5,1,bicycle,0.6773245930671692,212.93939208984375,0.0418243408203125,327.24267578125,131.27110290527344
000000000202,HR,5,0,person,0.4618983566761017,36.09117126464844,91.7147216796875,171.89515686035156,491.27532958984375
000000000202,Bicubic,4,0,person,0.8723795413970947,210.9005126953125,67.24339294433594,377.85809326171875,550.82373046875
000000000202,Bicubic,4,27,tie,0.7453284859657288,118.52444458007812,168.51527404785156,144.23187255859375,237.39524841308594
000000000202,Bicubic,4,0,person,0.6152670979499817,36.345619201660156,91.85933685302734,206.66842651367188,277.8628845214844
000000000202,Bicubic,4,27,tie,0.37054696679115295,276.9647216796875,144.23410034179688,297.7999267578125,222.56549072265625
000000000202,SRCNN_x4_V4,4,0,person,0.8842268586158752,210.568115234375,65.72430419921875,379.432861328125,551.0226440429688
000000000202,SRCNN_x4_V4,4,27,tie,0.706000804901123,118.51632690429688,168.19827270507812,144.71524047851562,237.32699584960938
000000000202,SRCNN_x4_V4,4,0,person,0.5048660635948181,35.326873779296875,92.17962646484375,177.55067443847656,279.72705078125
000000000202,SRCNN_x4_V4,4,27,tie,0.3553548753261566,276.6387023925781,144.9622802734375,297.9399719238281,222.96307373046875
000000000202,SRCNN_x4_Adaptive,4,0,person,0.8880714178085327,210.54551696777344,65.324462890625,379.577880859375,551.7867431640625
000000000202,SRCNN_x4_Adaptive,4,27,tie,0.7083532214164734,118.26626586914062,168.3228759765625,144.97744750976562,237.56005859375
000000000202,SRCNN_x4_Adaptive,4,0,person,0.5004350543022156,35.57196044921875,91.851318359375,172.60537719726562,280.9787292480469
000000000202,SRCNN_x4_Adaptive,4,27,tie,0.39290282130241394,276.6219482421875,144.95419311523438,297.94873046875,222.98294067382812
000000000202,3Region_Base,5,0,person,0.8744962811470032,210.1966094970703,65.680419921875,379.30975341796875,550.685791015625
000000000202,3Region_Base,5,27,tie,0.7465937733650208,117.73773193359375,167.94277954101562,144.79339599609375,237.09762573242188
000000000202,3Region_Base,5,0,person,0.5359333753585815,35.328857421875,91.46129608154297,185.71124267578125,278.7559814453125
000000000202,3Region_Base,5,27,tie,0.3419972360134125,276.7325744628906,145.22048950195312,297.6825866699219,223.74969482421875
000000000202,3Region_Base,5,27,tie,0.26859477162361145,274.9426574707031,145.10650634765625,292.1059875488281,223.55355834960938
000000000202,3Region_Edge12,5,0,person,0.8762146234512329,210.1923828125,65.72959899902344,379.21490478515625,550.60009765625
000000000202,3Region_Edge12,5,27,tie,0.7314184904098511,117.89810180664062,167.84947204589844,144.75875854492188,237.02452087402344
000000000202,3Region_Edge12,5,0,person,0.5491113066673279,35.36920166015625,91.57347869873047,183.8726806640625,278.7298583984375
000000000202,3Region_Edge12,5,27,tie,0.3128819465637207,276.8431396484375,145.1719512939453,297.8575439453125,223.6947479248047
000000000202,3Region_Edge12,5,27,tie,0.2563030421733856,274.9549560546875,144.92333984375,291.71484375,223.52899169921875
000000000202,3Region_Thr1035,5,0,person,0.8805961012840271,209.85720825195312,65.047607421875,379.3787536621094,550.45849609375
000000000202,3Region_Thr1035,5,27,tie,0.7504120469093323,118.26675415039062,168.20155334472656,144.90090942382812,237.2582550048828
000000000202,3Region_Thr1035,5,0,person,0.5831704139709473,35.48759460449219,91.34390258789062,181.03114318847656,279.15966796875
000000000202,3Region_Thr1035,5,27,tie,0.35282406210899353,276.57232666015625,145.13864135742188,297.498046875,223.16702270507812
000000000202,3Region_Thr1035,5,27,tie,0.2987498641014099,274.8284912109375,144.849609375,292.2623291015625,223.26150512695312
000000000202,3Region_Thr2055_Edge12,5,0,person,0.8745186924934387,210.29054260253906,66.32501220703125,379.0977783203125,551.3280029296875
000000000202,3Region_Thr2055_Edge12,5,27,tie,0.712142825126648,117.84817504882812,167.7099609375,144.59884643554688,237.00518798828125
000000000202,3Region_Thr2055_Edge12,5,0,person,0.5287399888038635,35.3533935546875,91.70742797851562,182.1727294921875,278.8150634765625
000000000202,3Region_Thr2055_Edge12,5,27,tie,0.3097243309020996,276.98663330078125,145.14044189453125,297.81982421875,223.5721435546875
000000000202,3Region_Thr2055_Edge12,5,27,tie,0.2594313621520996,274.91217041015625,144.89840698242188,291.67974853515625,223.53829956054688
IMG_2289_jpeg_jpg.rf.fe2a7a149e7b11f2313f5a7b30386e85,HR,1,14,bird,0.9241238832473755,147.5470733642578,480.6112365722656,540.4675903320312,725.6901245117188
IMG_2289_jpeg_jpg.rf.fe2a7a149e7b11f2313f5a7b30386e85,Bicubic,1,14,bird,0.903952419757843,145.2323760986328,480.2538146972656,540.9683837890625,725.2369995117188
IMG_2289_jpeg_jpg.rf.fe2a7a149e7b11f2313f5a7b30386e85,SRCNN_x4_V4,1,14,bird,0.9185482859611511,144.96377563476562,480.17236328125,540.8980102539062,724.48193359375
IMG_2289_jpeg_jpg.rf.fe2a7a149e7b11f2313f5a7b30386e85,SRCNN_x4_Adaptive,1,14,bird,0.9134172797203064,144.6941375732422,480.0596618652344,540.69970703125,728.1467895507812
IMG_2289_jpeg_jpg.rf.fe2a7a149e7b11f2313f5a7b30386e85,3Region_Base,1,14,bird,0.9171352982521057,145.3124542236328,479.43304443359375,541.1959228515625,724.0839233398438
IMG_2289_jpeg_jpg.rf.fe2a7a149e7b11f2313f5a7b30386e85,3Region_Edge12,1,14,bird,0.9168536067008972,145.45614624023438,479.4892578125,541.31884765625,723.9844970703125
IMG_2289_jpeg_jpg.rf.fe2a7a149e7b11f2313f5a7b30386e85,3Region_Thr1035,1,14,bird,0.921807050704956,145.1659698486328,479.32568359375,541.003173828125,724.6292114257812
IMG_2289_jpeg_jpg.rf.fe2a7a149e7b11f2313f5a7b30386e85,3Region_Thr2055_Edge12,1,14,bird,0.9170502424240112,145.533447265625,479.45245361328125,541.33349609375,723.9016723632812
IMG_2301_jpeg_jpg.rf.2c19ae5efbd1f8611b5578125f001695,HR,1,21,bear,0.574881374835968,206.1032257080078,539.7303466796875,271.0941467285156,655.3567504882812
IMG_2301_jpeg_jpg.rf.2c19ae5efbd1f8611b5578125f001695,Bicubic,4,0,person,0.402921587228775,605.9367065429688,489.8384704589844,637.798828125,553.2581176757812
IMG_2301_jpeg_jpg.rf.2c19ae5efbd1f8611b5578125f001695,Bicubic,4,0,person,0.37522491812705994,550.7374267578125,505.1119079589844,583.8438720703125,562.9791259765625
IMG_2301_jpeg_jpg.rf.2c19ae5efbd1f8611b5578125f001695,Bicubic,4,0,person,0.33119070529937744,150.1515350341797,470.91796875,181.95849609375,533.1134643554688
IMG_2301_jpeg_jpg.rf.2c19ae5efbd1f8611b5578125f001695,Bicubic,4,0,person,0.28301212191581726,206.1962432861328,545.3818359375,272.24078369140625,655.6568603515625
IMG_2301_jpeg_jpg.rf.2c19ae5efbd1f8611b5578125f001695,SRCNN_x4_V4,3,0,person,0.4534721374511719,605.8840942382812,489.6585388183594,637.6746826171875,553.0005493164062
IMG_2301_jpeg_jpg.rf.2c19ae5efbd1f8611b5578125f001695,SRCNN_x4_V4,3,0,person,0.4008914828300476,550.6234741210938,506.5555725097656,583.3804321289062,563.1583251953125
IMG_2301_jpeg_jpg.rf.2c19ae5efbd1f8611b5578125f001695,SRCNN_x4_V4,3,0,person,0.3440667986869812,550.8561401367188,482.6610412597656,584.42724609375,563.3341064453125
IMG_2301_jpeg_jpg.rf.2c19ae5efbd1f8611b5578125f001695,SRCNN_x4_Adaptive,3,0,person,0.45468375086784363,605.8045654296875,489.8358459472656,637.71337890625,553.0706176757812
IMG_2301_jpeg_jpg.rf.2c19ae5efbd1f8611b5578125f001695,SRCNN_x4_Adaptive,3,0,person,0.4225628972053528,550.4644775390625,504.3312072753906,583.8386840820312,563.1929321289062
IMG_2301_jpeg_jpg.rf.2c19ae5efbd1f8611b5578125f001695,SRCNN_x4_Adaptive,3,0,person,0.34513816237449646,550.74169921875,480.3912048339844,584.7619018554688,563.3507690429688
IMG_2301_jpeg_jpg.rf.2c19ae5efbd1f8611b5578125f001695,3Region_Base,3,0,person,0.4361017048358917,605.6103515625,489.5552673339844,638.1515502929688,553.2937622070312
IMG_2301_jpeg_jpg.rf.2c19ae5efbd1f8611b5578125f001695,3Region_Base,3,14,bird,0.3818598985671997,206.3945770263672,541.8201904296875,272.98443603515625,654.9514770507812
IMG_2301_jpeg_jpg.rf.2c19ae5efbd1f8611b5578125f001695,3Region_Base,3,0,person,0.35375654697418213,550.5950317382812,507.3758850097656,583.7530517578125,563.2071533203125
IMG_2301_jpeg_jpg.rf.2c19ae5efbd1f8611b5578125f001695,3Region_Edge12,3,0,person,0.43890008330345154,605.4899291992188,489.6273498535156,638.1687622070312,553.2261962890625
IMG_2301_jpeg_jpg.rf.2c19ae5efbd1f8611b5578125f001695,3Region_Edge12,3,14,bird,0.3993982970714569,206.41787719726562,541.9447021484375,273.14227294921875,654.9716796875
IMG_2301_jpeg_jpg.rf.2c19ae5efbd1f8611b5578125f001695,3Region_Edge12,3,0,person,0.3515351116657257,550.5525512695312,507.4883728027344,583.6693115234375,563.2249145507812
IMG_2301_jpeg_jpg.rf.2c19ae5efbd1f8611b5578125f001695,3Region_Thr1035,4,0,person,0.4296227693557739,605.28515625,489.1240234375,637.947265625,552.9456787109375
IMG_2301_jpeg_jpg.rf.2c19ae5efbd1f8611b5578125f001695,3Region_Thr1035,4,0,person,0.35253116488456726,550.53759765625,505.62811279296875,583.7159423828125,563.2033081054688
IMG_2301_jpeg_jpg.rf.2c19ae5efbd1f8611b5578125f001695,3Region_Thr1035,4,0,person,0.31610581278800964,550.7420043945312,483.5957946777344,584.7644653320312,563.4366455078125
IMG_2301_jpeg_jpg.rf.2c19ae5efbd1f8611b5578125f001695,3Region_Thr1035,4,14,bird,0.3129502534866333,206.3412628173828,541.7371826171875,273.24005126953125,654.9072265625
IMG_2301_jpeg_jpg.rf.2c19ae5efbd1f8611b5578125f001695,3Region_Thr2055_Edge12,3,14,bird,0.4455033540725708,206.4259796142578,542.2520751953125,273.2430725097656,655.0499267578125
IMG_2301_jpeg_jpg.rf.2c19ae5efbd1f8611b5578125f001695,3Region_Thr2055_Edge12,3,0,person,0.42312389612197876,604.9821166992188,489.3348693847656,638.29443359375,553.4696044921875
IMG_2301_jpeg_jpg.rf.2c19ae5efbd1f8611b5578125f001695,3Region_Thr2055_Edge12,3,0,person,0.340412974357605,550.51220703125,507.45684814453125,583.8214111328125,563.1806640625
IMG_2319_jpeg_jpg.rf.6e20bf97d17b74a8948aa48776c40454,HR,1,14,bird,0.2806153893470764,394.6761474609375,304.8199157714844,450.49688720703125,400.9654235839844
IMG_2319_jpeg_jpg.rf.6e20bf97d17b74a8948aa48776c40454,Bicubic,2,0,person,0.27025893330574036,571.5565795898438,0.27351075410842896,767.4879150390625,292.563720703125
IMG_2319_jpeg_jpg.rf.6e20bf97d17b74a8948aa48776c40454,Bicubic,2,0,person,0.266616553068161,376.181640625,475.39874267578125,451.1392517089844,580.4249267578125
IMG_2319_jpeg_jpg.rf.6e20bf97d17b74a8948aa48776c40454,SRCNN_x4_V4,1,14,bird,0.2578699290752411,395.35528564453125,304.3426818847656,449.06640625,402.6634216308594
IMG_2319_jpeg_jpg.rf.6e20bf97d17b74a8948aa48776c40454,SRCNN_x4_Adaptive,2,0,person,0.2825262248516083,652.5084838867188,246.19253540039062,706.1814575195312,302.998779296875
IMG_2319_jpeg_jpg.rf.6e20bf97d17b74a8948aa48776c40454,SRCNN_x4_Adaptive,2,14,bird,0.2693634033203125,395.428466796875,304.57373046875,449.100341796875,402.4607849121094
IMG_2319_jpeg_jpg.rf.6e20bf97d17b74a8948aa48776c40454,3Region_Base,1,14,bird,0.3600383996963501,395.2387390136719,303.5977478027344,449.3221740722656,402.41082763671875
IMG_2319_jpeg_jpg.rf.6e20bf97d17b74a8948aa48776c40454,3Region_Edge12,1,14,bird,0.3375740349292755,395.07000732421875,303.63909912109375,449.57781982421875,402.3223876953125
IMG_2319_jpeg_jpg.rf.6e20bf97d17b74a8948aa48776c40454,3Region_Thr1035,1,14,bird,0.3556739091873169,395.21990966796875,303.52099609375,449.5142517089844,402.82177734375
IMG_2319_jpeg_jpg.rf.6e20bf97d17b74a8948aa48776c40454,3Region_Thr2055_Edge12,1,14,bird,0.3670845925807953,395.0520935058594,303.3233947753906,449.72845458984375,402.1853942871094
IMG_2347_jpeg_jpg.rf.7c71ac4b9301eb358cd4a832844dedcb,HR,2,14,bird,0.804338812828064,290.49578857421875,519.7510986328125,766.3013916015625,841.8434448242188
IMG_2347_jpeg_jpg.rf.7c71ac4b9301eb358cd4a832844dedcb,HR,2,14,bird,0.304214209318161,545.8318481445312,357.3358459472656,695.3193359375,583.0115356445312
IMG_2347_jpeg_jpg.rf.7c71ac4b9301eb358cd4a832844dedcb,Bicubic,2,14,bird,0.6756261587142944,288.02423095703125,519.54931640625,767.2125244140625,845.2860107421875
IMG_2347_jpeg_jpg.rf.7c71ac4b9301eb358cd4a832844dedcb,Bicubic,2,14,bird,0.64994215965271,286.8096923828125,355.7943420410156,765.6911010742188,845.4845581054688
IMG_2347_jpeg_jpg.rf.7c71ac4b9301eb358cd4a832844dedcb,SRCNN_x4_V4,2,14,bird,0.5980787873268127,285.8365173339844,351.9813537597656,761.6876220703125,845.7568359375
IMG_2347_jpeg_jpg.rf.7c71ac4b9301eb358cd4a832844dedcb,SRCNN_x4_V4,2,14,bird,0.5808804035186768,288.03668212890625,519.7623901367188,765.8084716796875,846.7945556640625
IMG_2347_jpeg_jpg.rf.7c71ac4b9301eb358cd4a832844dedcb,SRCNN_x4_Adaptive,2,14,bird,0.6100156307220459,285.3609313964844,350.5597839355469,762.5845947265625,845.8291015625
IMG_2347_jpeg_jpg.rf.7c71ac4b9301eb358cd4a832844dedcb,SRCNN_x4_Adaptive,2,14,bird,0.5874851942062378,286.6004943847656,520.84716796875,762.7639770507812,846.2096557617188
IMG_2347_jpeg_jpg.rf.7c71ac4b9301eb358cd4a832844dedcb,3Region_Base,2,14,bird,0.6291195154190063,286.12738037109375,350.27099609375,761.2774047851562,845.849609375
IMG_2347_jpeg_jpg.rf.7c71ac4b9301eb358cd4a832844dedcb,3Region_Base,2,14,bird,0.5464174747467041,287.087890625,505.5777282714844,760.8963012695312,845.7054443359375
IMG_2347_jpeg_jpg.rf.7c71ac4b9301eb358cd4a832844dedcb,3Region_Edge12,2,14,bird,0.6192353367805481,285.98095703125,352.65948486328125,760.7484130859375,845.9773559570312
IMG_2347_jpeg_jpg.rf.7c71ac4b9301eb358cd4a832844dedcb,3Region_Edge12,2,14,bird,0.5924875736236572,287.0526123046875,515.4969482421875,760.5428466796875,845.67626953125
IMG_2347_jpeg_jpg.rf.7c71ac4b9301eb358cd4a832844dedcb,3Region_Thr1035,2,14,bird,0.6518140435218811,285.635009765625,348.68145751953125,761.0098266601562,845.7355346679688
IMG_2347_jpeg_jpg.rf.7c71ac4b9301eb358cd4a832844dedcb,3Region_Thr1035,2,14,bird,0.550580620765686,286.6559753417969,506.88055419921875,760.4559326171875,845.8464965820312
IMG_2347_jpeg_jpg.rf.7c71ac4b9301eb358cd4a832844dedcb,3Region_Thr2055_Edge12,2,14,bird,0.6261080503463745,286.02020263671875,351.5086975097656,759.4283447265625,845.5885009765625
IMG_2347_jpeg_jpg.rf.7c71ac4b9301eb358cd4a832844dedcb,3Region_Thr2055_Edge12,2,14,bird,0.5820890665054321,287.0456848144531,509.76446533203125,758.9801025390625,845.3547973632812
IMG_2354_jpeg_jpg.rf.396e872c7fb0a95e911806986995ee7a,HR,0,-1,none,0.0,0.0,0.0,0.0,0.0
IMG_2354_jpeg_jpg.rf.396e872c7fb0a95e911806986995ee7a,Bicubic,0,-1,none,0.0,0.0,0.0,0.0,0.0
IMG_2354_jpeg_jpg.rf.396e872c7fb0a95e911806986995ee7a,SRCNN_x4_V4,0,-1,none,0.0,0.0,0.0,0.0,0.0
IMG_2354_jpeg_jpg.rf.396e872c7fb0a95e911806986995ee7a,SRCNN_x4_Adaptive,0,-1,none,0.0,0.0,0.0,0.0,0.0
IMG_2354_jpeg_jpg.rf.396e872c7fb0a95e911806986995ee7a,3Region_Base,0,-1,none,0.0,0.0,0.0,0.0,0.0
IMG_2354_jpeg_jpg.rf.396e872c7fb0a95e911806986995ee7a,3Region_Edge12,0,-1,none,0.0,0.0,0.0,0.0,0.0
IMG_2354_jpeg_jpg.rf.396e872c7fb0a95e911806986995ee7a,3Region_Thr1035,0,-1,none,0.0,0.0,0.0,0.0,0.0
IMG_2354_jpeg_jpg.rf.396e872c7fb0a95e911806986995ee7a,3Region_Thr2055_Edge12,0,-1,none,0.0,0.0,0.0,0.0,0.0
IMG_2371_jpeg_jpg.rf.54505f60b6706da151c164188c305849,HR,2,14,bird,0.6714722514152527,377.99212646484375,545.3787231445312,718.5926513671875,736.7802734375
IMG_2371_jpeg_jpg.rf.54505f60b6706da151c164188c305849,HR,2,14,bird,0.4345068633556366,309.2865295410156,286.39874267578125,647.52880859375,500.95867919921875
IMG_2371_jpeg_jpg.rf.54505f60b6706da151c164188c305849,Bicubic,0,-1,none,0.0,0.0,0.0,0.0,0.0
IMG_2371_jpeg_jpg.rf.54505f60b6706da151c164188c305849,SRCNN_x4_V4,0,-1,none,0.0,0.0,0.0,0.0,0.0
IMG_2371_jpeg_jpg.rf.54505f60b6706da151c164188c305849,SRCNN_x4_Adaptive,0,-1,none,0.0,0.0,0.0,0.0,0.0
IMG_2371_jpeg_jpg.rf.54505f60b6706da151c164188c305849,3Region_Base,0,-1,none,0.0,0.0,0.0,0.0,0.0
IMG_2371_jpeg_jpg.rf.54505f60b6706da151c164188c305849,3Region_Edge12,0,-1,none,0.0,0.0,0.0,0.0,0.0
IMG_2371_jpeg_jpg.rf.54505f60b6706da151c164188c305849,3Region_Thr1035,0,-1,none,0.0,0.0,0.0,0.0,0.0
IMG_2371_jpeg_jpg.rf.54505f60b6706da151c164188c305849,3Region_Thr2055_Edge12,0,-1,none,0.0,0.0,0.0,0.0,0.0
IMG_2379_jpeg_jpg.rf.7dc3160c937072d26d4624c6c48e904d,HR,2,14,bird,0.5585924386978149,0.0,382.28009033203125,566.3292846679688,1019.7203979492188
IMG_2379_jpeg_jpg.rf.7dc3160c937072d26d4624c6c48e904d,HR,2,14,bird,0.4074266850948334,189.3234405517578,384.51470947265625,561.8424072265625,777.0338134765625
IMG_2379_jpeg_jpg.rf.7dc3160c937072d26d4624c6c48e904d,Bicubic,2,14,bird,0.504586935043335,0.08559570461511612,381.4769592285156,568.9342041015625,1020.04736328125
IMG_2379_jpeg_jpg.rf.7dc3160c937072d26d4624c6c48e904d,Bicubic,2,14,bird,0.33857378363609314,188.13369750976562,383.88885498046875,565.0703125,771.4480590820312
IMG_2379_jpeg_jpg.rf.7dc3160c937072d26d4624c6c48e904d,SRCNN_x4_V4,1,14,bird,0.6094242930412292,0.251708984375,382.61981201171875,566.5305786132812,1020.6925659179688
IMG_2379_jpeg_jpg.rf.7dc3160c937072d26d4624c6c48e904d,SRCNN_x4_Adaptive,1,14,bird,0.6167831420898438,0.26582032442092896,382.51678466796875,566.246337890625,1020.8648681640625
IMG_2379_jpeg_jpg.rf.7dc3160c937072d26d4624c6c48e904d,3Region_Base,2,14,bird,0.6223753690719604,0.2889648377895355,382.36346435546875,566.3890380859375,1021.2449340820312
IMG_2379_jpeg_jpg.rf.7dc3160c937072d26d4624c6c48e904d,3Region_Base,2,14,bird,0.25393733382225037,191.2726593017578,384.5508117675781,562.5924072265625,777.8980712890625
IMG_2379_jpeg_jpg.rf.7dc3160c937072d26d4624c6c48e904d,3Region_Edge12,2,14,bird,0.6117067933082581,0.22343750298023224,382.3351745605469,566.6296997070312,1021.0
IMG_2379_jpeg_jpg.rf.7dc3160c937072d26d4624c6c48e904d,3Region_Edge12,2,14,bird,0.2526751756668091,191.13165283203125,384.5213928222656,562.4596557617188,778.1376953125
IMG_2379_jpeg_jpg.rf.7dc3160c937072d26d4624c6c48e904d,3Region_Thr1035,1,14,bird,0.5981484055519104,0.31464844942092896,382.30194091796875,566.69287109375,1021.2146606445312
IMG_2379_jpeg_jpg.rf.7dc3160c937072d26d4624c6c48e904d,3Region_Thr2055_Edge12,1,14,bird,0.5832034945487976,0.15234375,382.38226318359375,566.7630615234375,1020.8681640625
IMG_2380_jpeg_jpg.rf.a23809682eb1466c1136ca0f55de8fb5,HR,1,14,bird,0.3227063715457916,189.5767059326172,451.2583923339844,521.0108032226562,705.3220825195312
IMG_2380_jpeg_jpg.rf.a23809682eb1466c1136ca0f55de8fb5,Bicubic,0,-1,none,0.0,0.0,0.0,0.0,0.0
IMG_2380_jpeg_jpg.rf.a23809682eb1466c1136ca0f55de8fb5,SRCNN_x4_V4,1,0,person,0.2655635476112366,4.540331840515137,1.7351562976837158,765.9847412109375,1016.2421875
IMG_2380_jpeg_jpg.rf.a23809682eb1466c1136ca0f55de8fb5,SRCNN_x4_Adaptive,0,-1,none,0.0,0.0,0.0,0.0,0.0
IMG_2380_jpeg_jpg.rf.a23809682eb1466c1136ca0f55de8fb5,3Region_Base,1,0,person,0.2839524745941162,4.337841987609863,4.953125,766.052001953125,1018.0181884765625
IMG_2380_jpeg_jpg.rf.a23809682eb1466c1136ca0f55de8fb5,3Region_Edge12,1,0,person,0.28622329235076904,4.448779106140137,4.826074123382568,766.0362548828125,1018.0944213867188
IMG_2380_jpeg_jpg.rf.a23809682eb1466c1136ca0f55de8fb5,3Region_Thr1035,1,0,person,0.27037984132766724,4.462255954742432,3.748046875,766.0298461914062,1016.7777099609375
IMG_2380_jpeg_jpg.rf.a23809682eb1466c1136ca0f55de8fb5,3Region_Thr2055_Edge12,1,0,person,0.288025826215744,4.304296970367432,4.747851371765137,766.0460205078125,1017.8502197265625
IMG_2387_jpeg_jpg.rf.09b38bacfab0922a3a6b66480f01b719,HR,0,-1,none,0.0,0.0,0.0,0.0,0.0
IMG_2387_jpeg_jpg.rf.09b38bacfab0922a3a6b66480f01b719,Bicubic,1,14,bird,0.4732922911643982,192.823486328125,424.60760498046875,557.1282958984375,793.8425903320312
IMG_2387_jpeg_jpg.rf.09b38bacfab0922a3a6b66480f01b719,SRCNN_x4_V4,1,14,bird,0.440417617559433,196.73593139648438,425.53338623046875,555.7333374023438,793.7301635742188
IMG_2387_jpeg_jpg.rf.09b38bacfab0922a3a6b66480f01b719,SRCNN_x4_Adaptive,1,14,bird,0.3723888397216797,196.099853515625,425.51251220703125,555.646728515625,794.4886474609375
IMG_2387_jpeg_jpg.rf.09b38bacfab0922a3a6b66480f01b719,3Region_Base,1,14,bird,0.4739580452442169,195.94607543945312,426.17449951171875,555.6018676757812,791.87158203125
IMG_2387_jpeg_jpg.rf.09b38bacfab0922a3a6b66480f01b719,3Region_Edge12,1,14,bird,0.48116227984428406,195.03880310058594,426.0960998535156,555.6068115234375,791.7567138671875
IMG_2387_jpeg_jpg.rf.09b38bacfab0922a3a6b66480f01b719,3Region_Thr1035,1,14,bird,0.4410165250301361,197.3054656982422,426.2452087402344,555.9258422851562,791.97265625
IMG_2387_jpeg_jpg.rf.09b38bacfab0922a3a6b66480f01b719,3Region_Thr2055_Edge12,1,14,bird,0.4429861307144165,196.47657775878906,425.08038330078125,555.2442626953125,791.9459838867188
IMG_2395_jpeg_jpg.rf.9f1503ad3b7a7c7938daed057cc4e9bc,HR,1,14,bird,0.33832645416259766,543.8826293945312,374.06707763671875,767.5934448242188,604.2805786132812
IMG_2395_jpeg_jpg.rf.9f1503ad3b7a7c7938daed057cc4e9bc,Bicubic,0,-1,none,0.0,0.0,0.0,0.0,0.0
IMG_2395_jpeg_jpg.rf.9f1503ad3b7a7c7938daed057cc4e9bc,SRCNN_x4_V4,1,14,bird,0.26382675766944885,541.498046875,372.9876403808594,767.6219482421875,603.3370361328125
IMG_2395_jpeg_jpg.rf.9f1503ad3b7a7c7938daed057cc4e9bc,SRCNN_x4_Adaptive,0,-1,none,0.0,0.0,0.0,0.0,0.0
IMG_2395_jpeg_jpg.rf.9f1503ad3b7a7c7938daed057cc4e9bc,3Region_Base,0,-1,none,0.0,0.0,0.0,0.0,0.0
IMG_2395_jpeg_jpg.rf.9f1503ad3b7a7c7938daed057cc4e9bc,3Region_Edge12,0,-1,none,0.0,0.0,0.0,0.0,0.0
IMG_2395_jpeg_jpg.rf.9f1503ad3b7a7c7938daed057cc4e9bc,3Region_Thr1035,0,-1,none,0.0,0.0,0.0,0.0,0.0
IMG_2395_jpeg_jpg.rf.9f1503ad3b7a7c7938daed057cc4e9bc,3Region_Thr2055_Edge12,0,-1,none,0.0,0.0,0.0,0.0,0.0
